            Date,NO,NO2,SO2,CO
01-02-2018 00:00,47.3525,139.385,10.16,5.405
02-02-2018 00:00,37.6,100.6,5.9325,5.3475
03-02-2018 00:00,36.215,82.5875,7.2525,5.4925
04-02-2018 00:00,35.2075,91.5975,7.1875,4.7925
05-02-2018 00:00,46.405,114.05,7.395,4.8625
06-02-2018 00:00,34.46,73.3375,6.0525,5.6225
07-02-2018 00:00,38.005,86.16,6.26,4.625
08-02-2018 00:00,57.3225,109.1575,6.4375,6.0975
09-02-2018 00:00,52.75,114.9375,6.3925,4.78
10-02-2018 00:00,57.1275,138.4375,5.535,8.175
11-02-2018 00:00,40.805,69.3225,6.975,5.43
12-02-2018 00:00,21.8225,47.515,5.5275,2.75
13-02-2018 00:00,39.9175,81.12,5.4375,6.035
14-02-2018 00:00,33.4525,76.55,4.55,5.8875
15-02-2018 00:00,33.75,69.7475,5.89,5.6975
16-02-2018 00:00,41.9825,88.1475,7.8625,4.445
17-02-2018 00:00,38.3925,85.4475,8.0175,5.36
18-02-2018 00:00,44.1875,89.67,7.8775,5.5675
19-02-2018 00:00,59.5325,102.48,8.5225,6.855
20-02-2018 00:00,56.6575,105.8075,8.17,6.4075
21-02-2018 00:00,59.275,135.175,8.81,7.455
22-02-2018 00:00,47.7275,97.7675,8.4275,5.83
23-02-2018 00:00,42.5975,104.9075,7.5875,6.305
24-02-2018 00:00,34.33,68.8075,9.29,5.18
25-02-2018 00:00,25.1175,52.9725,8.31,6.7475
26-02-2018 00:00,28.425,53.7525,4.3575,4.47
27-02-2018 00:00,44.8675,92.01,5.1275,4.775
28-02-2018 00:00,44.555,83.5175,4.9425,5.55
01-03-2018 00:00,40.7225,63.8075,6.9675,5.465
02-03-2018 00:00,37.4175,66.7225,4.94,5.5125
03-03-2018 00:00,31.1475,60.9075,6.0825,5.9075
04-03-2018 00:00,25.4,53.18,6.2525,4.865
05-03-2018 00:00,33.5175,61.9275,6.9775,4.7475
06-03-2018 00:00,29.5325,59.55,7.59,4.2675
07-03-2018 00:00,40.0425,67.9625,8.7425,4.8925
08-03-2018 00:00,59.07,109.08,8.52,9.71
09-03-2018 00:00,43.0175,84.29,10.205,9.625
10-03-2018 00:00,25.1525,50.435,8.7175,4.7125
11-03-2018 00:00,27.67,59.5475,7.8375,5.5025
12-03-2018 00:00,19.16333333,47.53333333,13.06333333,1.213333333
13-03-2018 00:00,28.72333333,71.27333333,13.81,1.586666667
14-03-2018 00:00,48.6825,96.18,7.9475,6.3325
15-03-2018 00:00,39.9375,67.8025,8.9075,5.52
16-03-2018 00:00,35.9875,68.18,8.245,5.5175
17-03-2018 00:00,33.765,66.4725,11.525,4.3725
18-03-2018 00:00,15.59333333,65.06,8.453333333,1.236666667
19-03-2018 00:00,24.74,71.66,12.95333333,1.323333333
20-03-2018 00:00,50.745,92.69,11.335,10.42
21-03-2018 00:00,25.8275,50.3825,10.7475,8.3875
22-03-2018 00:00,25.2225,42.6525,8.4925,5.69
23-03-2018 00:00,26.2575,50.665,8.44,4.16
24-03-2018 00:00,21.8725,48.335,9.1575,4.2675
25-03-2018 00:00,20.47,42.4275,10.465,5.0675
26-03-2018 00:00,30.145,64.455,10.78,4.915
27-03-2018 00:00,44.02,105.77,10.135,8.375
28-03-2018 00:00,48.705,98.105,7.2225,10.22
29-03-2018 00:00,35.72,83.6075,10.7825,4.735
30-03-2018 00:00,31.98,69.8525,12.685,6.1225
31-03-2018 00:00,11.78,36.56666667,14.8,1.016666667
01-04-2018 00:00,18.0225,44.545,10.2775,3.4975
02-04-2018 00:00,22.4825,52.2875,13.535,6.815
03-04-2018 00:00,24.825,50.99,12.1725,3.835
04-04-2018 00:00,31.2225,67.5525,12.0875,6.1025
05-04-2018 00:00,35.4525,74.165,5.8775,7.165
06-04-2018 00:00,26.8375,53.4875,5.89,6.4025
07-04-2018 00:00,24.3725,50.67,7.3825,2.865
08-04-2018 00:00,20.835,47.0175,4.5875,2.0375
09-04-2018 00:00,29.63,63.035,5.1575,2.6525
10-04-2018 00:00,34.4025,57.3975,5.4225,1.6075
11-04-2018 00:00,19.18,40.62,8.08,1.4725
12-04-2018 00:00,29.0775,54.105,8.28,3.0825
13-04-2018 00:00,41.14,76.5325,9.17,3.6675
14-04-2018 00:00,46.36,69.15,13.5225,3.045
15-04-2018 00:00,46.415,75.505,11.5275,8.0825
16-04-2018 00:00,42.58,84.3225,11.685,7.19
17-04-2018 00:00,36.765,80.985,8.2475,2.8325
18-04-2018 00:00,23.7075,47.16,10.9775,3.905
19-04-2018 00:00,29.985,62.78,13.66,4.7625
20-04-2018 00:00,26.6225,49.7,9.1825,4.71
21-04-2018 00:00,24.3,52.395,9.615,2.7325
22-04-2018 00:00,15.475,41.79,11.3975,1.355
23-04-2018 00:00,26.81,52.745,10.63,2.78
24-04-2018 00:00,44.8925,112.165,11.6925,4.6075
25-04-2018 00:00,58.1875,136.65,8.2425,6.24
26-04-2018 00:00,45.7975,93.66,12.4575,6.1575
27-04-2018 00:00,23.52,61.2975,8.26,1.905
28-04-2018 00:00,20.3825,48.75,9.635,1.7825
29-04-2018 00:00,18.7125,46.6725,10.8,2.065
30-04-2018 00:00,26.9575,57.6475,9.64,1.985
01-05-2018 00:00,15.9575,34.7375,6.8925,1.18
02-05-2018 00:00,12.29,29.0575,7.4575,1.6075
03-05-2018 00:00,13.825,32.3325,8.2575,1.235
04-05-2018 00:00,12.09,29.615,7.25,1.235
05-05-2018 00:00,24.7475,58.57,10.3975,2.89
06-05-2018 00:00,31.775,65.77,10.5775,6.14
07-05-2018 00:00,32.1375,76.6225,12.6375,6.51
08-05-2018 00:00,14.55,31.17,5.9925,2.5575
09-05-2018 00:00,24.9325,54.635,9.5975,4.2075
10-05-2018 00:00,31.43,70.7375,10.525,3.085
11-05-2018 00:00,42.5525,95.0775,13.325,3.59
12-05-2018 00:00,32.7,71.34,13.285,3.2625
13-05-2018 00:00,10.815,24.7825,7.8975,1.305
14-05-2018 00:00,10.4875,32.065,9.59,1.27
15-05-2018 00:00,10.7125,31.2625,11.475,1.6675
16-05-2018 00:00,16.9825,34.6375,7.45,2.21
17-05-2018 00:00,23.8725,48.7825,11.095,2.6475
18-05-2018 00:00,22.595,50.325,9.6775,5.085
19-05-2018 00:00,36.505,87.2175,10.545,5
20-05-2018 00:00,21.2,46.9375,9.19,3.145
21-05-2018 00:00,15.8975,40.8425,8.9425,5.0825
22-05-2018 00:00,29.995,62.575,10.635,7.1
23-05-2018 00:00,41.32,83.4625,12.1925,5.58
24-05-2018 00:00,24.21,54.94,13.4725,3.8325
25-05-2018 00:00,46.3875,79.0675,11.0725,3.6275
26-05-2018 00:00,46.645,89.365,11.395,3.8
27-05-2018 00:00,38.1475,89.2775,12.05,3.3875
28-05-2018 00:00,27.6025,59.325,14.53,5.2325
29-05-2018 00:00,30.71,77.19,9.5725,2.46
30-05-2018 00:00,11.3375,28.58,6.98,1.35
31-05-2018 00:00,19.46,37.6675,7.02,1.39
01-06-2018 00:00,10.3175,23.72,7.0475,1.0825
02-06-2018 00:00,11.225,25.4125,7.4825,0.9825
03-06-2018 00:00,10.1425,24.795,5.925,1.2025
04-06-2018 00:00,11.025,23.4575,6.09,1.115
05-06-2018 00:00,11.2275,23.815,6.205,1.76
06-06-2018 00:00,12.1175,28.34,5.9025,2.0325
07-06-2018 00:00,13.9175,31.085,8.68,3.0725
08-06-2018 00:00,9.4875,22.3675,6.99,2.6075
09-06-2018 00:00,9.2725,26.895,4.475,1.7875
10-06-2018 00:00,19.95,44.32,6.43,2.5325
11-06-2018 00:00,15.06,40.84,6.7175,2.49
12-06-2018 00:00,14.31,36.965,8.2325,3.24
13-06-2018 00:00,20.4675,50.3275,6.875,2.345
14-06-2018 00:00,23.4325,44.095,6.775,2.08
15-06-2018 00:00,20.6475,33.6975,6.52,1.875
16-06-2018 00:00,14.695,27.0375,7.515,2.0175
17-06-2018 00:00,11.3175,22.7475,6.25,1.6925
18-06-2018 00:00,13.39,26.56,7.08,2.8775
19-06-2018 00:00,14.8075,27.7225,5.77,2.0725
20-06-2018 00:00,14.5875,27.6275,8.4125,4.0175
21-06-2018 00:00,18.0875,34.42,7.255,2.7775
22-06-2018 00:00,32.8725,47.5225,8.4025,9.645
23-06-2018 00:00,14.46,37.66333333,8.17,4.64
24-06-2018 00:00,17.3875,39.91,8.345,4.23
25-06-2018 00:00,9.36,28.86333333,6.7225,3.465
26-06-2018 00:00,4.575,25.58,9.016666667,6.326666667
27-06-2018 00:00,4.273333333,29.26333333,10.01666667,1.03
28-06-2018 00:00,5.053333333,27.5,8.313333333,0.93
29-06-2018 00:00,4.563333333,28.28333333,7.786666667,1.313333333
30-06-2018 00:00,7.146666667,32.94,8.396666667,1.153333333
01-07-2018 00:00,7.763333333,26.79666667,8.156666667,0.906666667
02-07-2018 00:00,5.746666667,26.78333333,7.46,0.766666667
03-07-2018 00:00,7.46,32.27666667,7.27,1.103333333
04-07-2018 00:00,6.186666667,25.33666667,7.383333333,0.84
05-07-2018 00:00,8.556666667,31.99333333,8.663333333,0.986666667
06-07-2018 00:00,7.023333333,29.75,9.06,0.99
07-07-2018 00:00,5.26,28.81,9.75,0.98
08-07-2018 00:00,6.063333333,31.68666667,9.566666667,0.99
09-07-2018 00:00,2.703333333,25.44333333,7.883333333,0.95
10-07-2018 00:00,3.456666667,21.77666667,8.833333333,0.87
11-07-2018 00:00,4.163333333,25.63666667,8.773333333,0.936666667
12-07-2018 00:00,3.983333333,25.60333333,9.826666667,0.93
13-07-2018 00:00,12.54666667,29.32666667,10.39,1.293333333
14-07-2018 00:00,9.733333333,26.18666667,8.403333333,1.013333333
15-07-2018 00:00,4.693333333,23.15333333,9.5,0.93
16-07-2018 00:00,8.45,28.18,8.323333333,1.11
17-07-2018 00:00,7.463333333,27.27,10.14333333,1.11
18-07-2018 00:00,6.756666667,23.32333333,9.736666667,0.95
19-07-2018 00:00,6.143333333,22.46333333,8.933333333,1.036666667
20-07-2018 00:00,5.163333333,23.86666667,10.29333333,1.086666667
21-07-2018 00:00,8.876666667,29.31333333,9.126666667,1.196666667
22-07-2018 00:00,7.89,25.54,7.403333333,1.143333333
23-07-2018 00:00,11.83,28.26333333,8.563333333,1.166666667
24-07-2018 00:00,8.683333333,31.60666667,9.123333333,1.14
25-07-2018 00:00,8.983333333,25.16666667,9.883333333,1.08
26-07-2018 00:00,7.176666667,20.38333333,7.453333333,0.973333333
27-07-2018 00:00,7.463333333,18.78,6.993333333,1.023333333
28-07-2018 00:00,7.336666667,19.23333333,6.806666667,0.87
29-07-2018 00:00,6.61,14.105,6.14,0.705
30-07-2018 00:00,12.76,28.04,6.14,1.203333333
31-07-2018 00:00,11.72,29.91333333,6.993333333,1.263333333
01-08-2018 00:00,11.86,24.12333333,6.903333333,1.22
02-08-2018 00:00,11.54333333,21.74666667,7.523333333,1.176666667
03-08-2018 00:00,12.42333333,19.74,7.553333333,1.09
04-08-2018 00:00,15.03333333,23.49,5.893333333,1.263333333
05-08-2018 00:00,12.63666667,20.37,6.396666667,1.143333333
06-08-2018 00:00,16.72333333,22.95,7.016666667,1.413333333
07-08-2018 00:00,18.9,25.82666667,6.873333333,1.433333333
08-08-2018 00:00,13.93333333,20.54666667,6.716666667,1.326666667
09-08-2018 00:00,14.05,19.97,7.673333333,1.25
10-08-2018 00:00,19.23666667,28.14,7.136666667,1.51
11-08-2018 00:00,10.33,19.82666667,6.443333333,1.05
12-08-2018 00:00,9.025,16.1125,6.41,3.075
13-08-2018 00:00,10.7575,20.9675,5.7625,2.99
14-08-2018 00:00,11.7175,22.4125,4.655,3.365
15-08-2018 00:00,7.975,18.165,4.5775,3.2
16-08-2018 00:00,14.0775,23.0475,5.7425,3.6625
17-08-2018 00:00,9.085,17.7275,4.83,3.175
18-08-2018 00:00,9.105,20.57,8.1575,3.3425
19-08-2018 00:00,10.7925,26.85,8.7075,3.8025
20-08-2018 00:00,13.3175,26.8,7.53,3.1425
21-08-2018 00:00,5.79,23.59,7.7275,3.175
22-08-2018 00:00,9.035,25.4575,8.275,3.275
23-08-2018 00:00,13.2925,23.325,6.9625,3.22
24-08-2018 00:00,12.8175,20.33,5.2525,3.29
25-08-2018 00:00,11.145,21.78,5.56,5.945
26-08-2018 00:00,6.545,17.3175,4.86,3.5175
27-08-2018 00:00,6.2375,21.5075,4.8525,3.7725
28-08-2018 00:00,9.2925,18.2825,5.1825,3.8225
29-08-2018 00:00,13.4875,22.4075,6.7225,3.785
30-08-2018 00:00,23.7875,25.52,6.705,4.79
31-08-2018 00:00,23.33,24.7175,6.595,3.975
01-09-2018 00:00,24.52,27.78666667,7.11,5.1175
02-09-2018 00:00,10.87666667,20.32,6.0325,3.71
03-09-2018 00:00,10.99333333,26.06,6.95,3.8775
04-09-2018 00:00,21.3325,35.2225,5.685,4.2025
05-09-2018 00:00,20.0825,34.3475,6.9275,5.135
06-09-2018 00:00,32.4025,34.49,5.725,6.845
07-09-2018 00:00,51.2725,45.175,5.795,6.57
08-09-2018 00:00,21.27,28.7475,5.115,6.2075
09-09-2018 00:00,9.82,22.37,6.42,5.91
10-09-2018 00:00,20.165,33.51,7.805,6.435
11-09-2018 00:00,35.4075,32.32,5.95,5.93
12-09-2018 00:00,37.85,30.0175,5.865,6.2075
13-09-2018 00:00,48.3725,30.5375,7.0875,6.0075
14-09-2018 00:00,40.6725,31.9325,7.685,5.9475
15-09-2018 00:00,46.33,35.1475,6.6075,7.11
16-09-2018 00:00,32.905,31.455,7.0025,6.275
17-09-2018 00:00,35.37,38.25,6.9,6.8325
18-09-2018 00:00,32.3025,39.33,7.96,5.825
19-09-2018 00:00,56.925,49.5375,7.5125,7.795
20-09-2018 00:00,38.90666667,36.83666667,9.27,1.826666667
21-09-2018 00:00,13.87666667,27.95333333,8.756666667,1.313333333
22-09-2018 00:00,8.1,23.02333333,7.6,1.236666667
23-09-2018 00:00,9.883333333,23.36666667,8.563333333,1.18
24-09-2018 00:00,52.7275,38.7125,5.0725,6.3
25-09-2018 00:00,51.0575,36.265,5.605,6.575
26-09-2018 00:00,80.02,47.205,7.2775,7.0175
27-09-2018 00:00,96.165,59.175,8.43,7.5975
28-09-2018 00:00,153.8225,73.7,9.56,7.9975
29-09-2018 00:00,78.195,66.23,7.045,7.0225
30-09-2018 00:00,50.51,50.0075,7.6475,6.7
01-10-2018 00:00,68.6725,59.1325,8,7.445
02-10-2018 00:00,69.425,54.1975,7.3375,7.62
03-10-2018 00:00,75.1725,62.0525,8.615,7.5625
04-10-2018 00:00,71.3325,65.385,9.2,7.27
05-10-2018 00:00,75.535,64.3825,9.0225,6.8075
06-10-2018 00:00,62.6375,56.385,11.05,6.6425
07-10-2018 00:00,50.765,56.3625,11.93666667,6.5
08-10-2018 00:00,37.4875,69.82,9.9075,6.7625
09-10-2018 00:00,23.215,57.29,11.38,6.61
10-10-2018 00:00,20.4925,54.3175,11.4925,6.5275
11-10-2018 00:00,36.805,43.1075,10.2125,6.61
12-10-2018 00:00,66.56,55.6925,9.205,6.7325
13-10-2018 00:00,93.325,69.1175,11.4675,7.1525
14-10-2018 00:00,93.105,69.4825,10.605,7.1825
15-10-2018 00:00,79.435,74.4425,10.24,7.1425
16-10-2018 00:00,82.065,81.6425,11.3725,6.7825
17-10-2018 00:00,65.6775,65.09,10.4675,7.7725
18-10-2018 00:00,70.5525,62.3775,9.6575,7.165
19-10-2018 00:00,43.555,65.2675,9.185,6.5325
20-10-2018 00:00,54.87,61.86,10.015,6.8275
21-10-2018 00:00,78,62.4375,13.0075,6.6075
22-10-2018 00:00,70.915,63.22,11.19,6.575
23-10-2018 00:00,91.5575,72.4775,12.665,7.3775
24-10-2018 00:00,111.1925,84.2475,12.285,7.4725
25-10-2018 00:00,100.06,82.6525,14.395,8.765
26-10-2018 00:00,123.3,85.78,13.755,8.8975
27-10-2018 00:00,91.9925,85.9975,14.8025,9.035
28-10-2018 00:00,85.0475,70.23,12.0825,5.83
29-10-2018 00:00,107.215,81.85,12.8325,6.4575
30-10-2018 00:00,134.49,86.8875,11.8525,6.47
31-10-2018 00:00,108.97,70.8975,11.76,4.5925
01-11-2018 00:00,100.3325,75.15,11.41,6.8525
02-11-2018 00:00,50.1075,63.52,12.02,4.3
03-11-2018 00:00,29.7725,45.825,10.06,4.5925
04-11-2018 00:00,60.3875,42.8975,10.2775,6.7275
05-11-2018 00:00,89.5775,58.8925,10.0025,7.16
06-11-2018 00:00,98.41,54.9375,9.59,6.43
07-11-2018 00:00,87.8975,60.78,11.3425,6.415
08-11-2018 00:00,131.0875,85.195,14.23,8.225
09-11-2018 00:00,96.3625,96.185,10.9075,7.0375
10-11-2018 00:00,113.3,109.725,11.395,6.96
11-11-2018 00:00,108.21,100.915,11.3825,7.365
12-11-2018 00:00,104.355,84.0125,11.605,10.0725
13-11-2018 00:00,75.575,73.1825,9.9475,6.29
14-11-2018 00:00,50.1,58.885,10.40333333,6.9475
15-11-2018 00:00,48.6025,50.725,8.58,6.595
16-11-2018 00:00,62.4325,53.635,9.2925,5.8225
17-11-2018 00:00,67.1475,61.1225,9.09,2.99
18-11-2018 00:00,48.68,61.4425,9.845,3.765
19-11-2018 00:00,23.38,49.3275,10.95,2.2325
20-11-2018 00:00,73.12,66.1775,13.4975,4.1
21-11-2018 00:00,90.185,61.595,9.13,3.4125
22-11-2018 00:00,125.0675,67.8175,11.5175,4.4625
23-11-2018 00:00,92.75,54.7475,10.265,3.5325
24-11-2018 00:00,65.945,49.4675,10.3625,3.0725
25-11-2018 00:00,108.765,60.055,9.945,5.17
26-11-2018 00:00,115.665,69.035,11.035,5.75
27-11-2018 00:00,114.4125,71.33,10.2025,5.4175
28-11-2018 00:00,118.82,60.765,10.3775,4.745
29-11-2018 00:00,142.745,62.895,9.5025,3.2925
30-11-2018 00:00,99.4625,59.8775,8.7525,2.5875
01-12-2018 00:00,105.59,62.3825,8.53,3.405
02-12-2018 00:00,154.4525,74.7775,10.0225,5.535
03-12-2018 00:00,120.075,68.2575,12.705,4.69
04-12-2018 00:00,131.14,73.0375,13.9425,7.155
05-12-2018 00:00,125.2825,63.995,13.7375,8.2775
06-12-2018 00:00,148.39,71.915,12.8125,9.625
07-12-2018 00:00,102.675,69.8175,10.7775,7.435
08-12-2018 00:00,98.9575,69.7225,11.235,7.65
09-12-2018 00:00,106.075,74.6225,11.7775,9.705
10-12-2018 00:00,95.26,68.0325,12.0925,8.9375
11-12-2018 00:00,89.255,67.0675,10.825,8.1225
12-12-2018 00:00,52.2975,53.5475,10.0375,6.8725
13-12-2018 00:00,49.7275,47.245,9.635,5.1725
14-12-2018 00:00,58.74,51.16,10.5775,5.3575
15-12-2018 00:00,74.92,61.0175,11.19,5.5
16-12-2018 00:00,88.605,65.2125,13.5825,5.8475
17-12-2018 00:00,90.875,65.6375,14.8275,6.45
18-12-2018 00:00,86.0675,71.175,16.29,6.275
19-12-2018 00:00,112.7225,75.9525,17.0575,7.2025
20-12-2018 00:00,130.4,78.7025,15.49,7.43
21-12-2018 00:00,90.0875,79.8025,13.855,5.8075
22-12-2018 00:00,114.705,83.01,16.7375,6.385
23-12-2018 00:00,130.0425,82.8525,13.465,7.8425
24-12-2018 00:00,113.865,72.7,12.8875,6.39
25-12-2018 00:00,64.985,67.0225,10.7775,3.7075
26-12-2018 00:00,84.5,76.17,12.2825,4.44
27-12-2018 00:00,89.79,79.525,13.6525,6.385
28-12-2018 00:00,65.2175,67.6275,12.785,3.5425
29-12-2018 00:00,98.255,76.49,13.73,5.4075
30-12-2018 00:00,107.125,92.9275,15.2125,5.8675
31-12-2018 00:00,104.565,83.56,12.8625,6.0025
01-01-2019 00:00,85.5375,85.43,13.2675,5.5425
02-01-2019 00:00,118.89,90.045,13.4325,5.68
03-01-2019 00:00,98.225,77.5725,11.17,4.3975
04-01-2019 00:00,76.63,64.82,9.4525,3.15
05-01-2019 00:00,53.515,63.8375,10.4725,3.43
06-01-2019 00:00,39.8725,56.8225,10.01,2.4375
07-01-2019 00:00,85.76,64.3125,11.0875,3.5625
08-01-2019 00:00,89.825,59.8675,11.365,3.3525
09-01-2019 00:00,61.1,59.1675,11.8825,3.165
10-01-2019 00:00,84.965,67.8875,13.1825,4.4325
11-01-2019 00:00,126.295,83.1775,12.715,6.34
12-01-2019 00:00,101.7675,91.32,11.5075,5.8525
13-01-2019 00:00,58.4175,73.125,12.515,4.3575
14-01-2019 00:00,51.385,53.175,12.4675,2.7425
15-01-2019 00:00,82.7025,63.1875,13.6725,3.665
16-01-2019 00:00,90.3525,86.7775,15.675,5.5
17-01-2019 00:00,121.2425,82.55,14.0975,5.315
18-01-2019 00:00,51.92333333,64.46333333,14.69666667,4.4775
19-01-2019 00:00,89.655,89.8175,14.3775,5.085
20-01-2019 00:00,108.465,109.4375,13.1075,7.3125
21-01-2019 00:00,46.6,62.3375,11.6275,2.73
22-01-2019 00:00,18.71,44.6325,8.92,2.2325
23-01-2019 00:00,75.9275,55.9325,14.01,3.3175
24-01-2019 00:00,42.65,47.935,10.4425,3.3375
25-01-2019 00:00,33.5175,47.77,11,2.4
26-01-2019 00:00,25.7625,46.455,12.2,2.81
27-01-2019 00:00,41.86,51.825,12.5525,2.695
28-01-2019 00:00,49.095,55.3325,12.6775,2.755
29-01-2019 00:00,63.9025,57.1425,15.54,4.0775
30-01-2019 00:00,86.495,65.5075,17.0825,9.61
31-01-2019 00:00,60.0825,55.63,13.795,6.9025
01-02-2019 00:00,31.68,48.56,11.97,6.43
02-02-2019 00:00,41.2925,40.6125,8.6475,2.63
03-02-2019 00:00,36.1725,34.38,8.645,3.05
04-02-2019 00:00,66.355,61.0075,9.8125,4.8075
05-02-2019 00:00,125.5275,73.2525,13.275,10.0025
06-02-2019 00:00,30.8,51.325,9.8875,3.985
07-02-2019 00:00,24.595,35.6275,8.54,2.5325
08-02-2019 00:00,58.5175,48.6625,9.015,4.095
09-02-2019 00:00,48.6625,47.545,7.755,4.5925
10-02-2019 00:00,72.5075,58.9325,10.4175,5.545
11-02-2019 00:00,89.24,65.39,10.145,6.475
12-02-2019 00:00,73.3425,65.02,10.1375,9.1475
13-02-2019 00:00,67.485,73.235,11.0375,7.785
14-02-2019 00:00,26.955,47.66,8.28,4.015
15-02-2019 00:00,41.1275,45.545,10.085,7.6225
16-02-2019 00:00,39.7125,39.7475,9.73,3.1625
17-02-2019 00:00,54.3225,51.905,11.4325,3.395
18-02-2019 00:00,33.8125,59.085,12.815,4.99
19-02-2019 00:00,54.2625,65.31,12.195,6.585
20-02-2019 00:00,35.7325,55.115,11.8775,8.2175
21-02-2019 00:00,53.7425,49.1425,14.05,7.5725
22-02-2019 00:00,26.0375,37.47,10.975,2.935
23-02-2019 00:00,14.085,43.0425,12.585,3.61
24-02-2019 00:00,18.235,54.6575,16.28,4.655
25-02-2019 00:00,21.5725,58.8825,12.5625,7.505
26-02-2019 00:00,14.93,49.215,13.035,6.0725
27-02-2019 00:00,14.005,44.3925,11.105,4.725
28-02-2019 00:00,34.5325,52.09,16.9925,5.315
01-03-2019 00:00,30.2825,55.95,13.7975,5.215
02-03-2019 00:00,24.17,62.2875,14.585,7.22
03-03-2019 00:00,14.32,41.6275,11.4875,4.8575
04-03-2019 00:00,30.255,43.7075,11.625,3.945
05-03-2019 00:00,19.3425,45.685,13.3125,3.645
06-03-2019 00:00,45.5725,50.625,13.235,4.2375
07-03-2019 00:00,67.135,60.4725,17.175,4.945
08-03-2019 00:00,50.2175,57.7425,15.2725,6.3325
09-03-2019 00:00,32.5375,44.235,16.765,4.895
10-03-2019 00:00,36.28,50.955,14.8375,4.9925
11-03-2019 00:00,22.145,51.6225,14.165,7.2325
12-03-2019 00:00,23.415,40.0925,13.5,4.5575
13-03-2019 00:00,46.08,55.47,17.895,7.425
14-03-2019 00:00,48.2875,43.7525,14.2925,6.765
15-03-2019 00:00,39.02,39.6275,14.19,5.7525
16-03-2019 00:00,29.1325,43.54,14.6975,4.2275
17-03-2019 00:00,36.4075,49.735,18.7525,4.9475
18-03-2019 00:00,55.625,55.8175,20.2175,5.6775
19-03-2019 00:00,49.9575,57.95,17.5825,6.315
20-03-2019 00:00,26.035,54.35,16.8425,6.9475
21-03-2019 00:00,12.9475,35.05,17.0225,6.815
22-03-2019 00:00,25.3075,38.025,14.0775,4.3875
23-03-2019 00:00,31.445,41.645,16.305,4.67
24-03-2019 00:00,42.755,42.1975,15.9625,6.32
25-03-2019 00:00,37.0775,42.84,18.4275,6.1125
26-03-2019 00:00,58.5525,50.28,17.35,5.725
27-03-2019 00:00,62.3075,56.0425,17.445,5.495
28-03-2019 00:00,71.5325,59.5375,21.04,8.3225
29-03-2019 00:00,73.25,67.1125,16.1475,6.935
30-03-2019 00:00,47.4675,56.055,16.4575,9.1375
31-03-2019 00:00,26.2625,39.1,14.6175,5.98
01-04-2019 00:00,25.9125,45.705,17.76,5.983333333
02-04-2019 00:00,34.365,57.4175,20.64,6.4825
03-04-2019 00:00,44.2075,60.9825,19.6575,6.6
04-04-2019 00:00,49.0675,70.585,22.9975,10.775
05-04-2019 00:00,79.4675,68.045,24.6275,13.48
06-04-2019 00:00,36.63,55.125,18.6775,8.8225
07-04-2019 00:00,31.87,46.385,16.36,7.995
08-04-2019 00:00,39.2925,57.15,13.06,7.83
09-04-2019 00:00,63.0525,64.0925,17.14,10.115
10-04-2019 00:00,75.7275,62.7525,17.1075,9.0675
11-04-2019 00:00,39.6675,58.3325,17.2525,7.4375
12-04-2019 00:00,24.875,47.9125,13.3975,7.2
13-04-2019 00:00,25.3725,44.4325,15.2575,6.92
14-04-2019 00:00,27.38,43.51,15.8075,5.92
15-04-2019 00:00,53.755,54.135,20.8625,5.8
16-04-2019 00:00,14.0225,34.1175,10.7175,3.69
17-04-2019 00:00,12.7675,36.685,11.73,3.1675
18-04-2019 00:00,20.8775,46.2075,12.99,5.31
19-04-2019 00:00,45.71,54.4475,16.5275,5.8525
20-04-2019 00:00,53.615,66.285,19.665,6.695
21-04-2019 00:00,69.14,68.5375,17.045,6.4575
22-04-2019 00:00,62.59,70.8625,18.4975,14.47
23-04-2019 00:00,57.625,73.5825,19.785,10.2575
24-04-2019 00:00,20.61,62.285,14.305,5.7775
25-04-2019 00:00,16.56,48.4575,13.8225,5.725
26-04-2019 00:00,49.29,59.6775,19.5575,9.5275
27-04-2019 00:00,28.4825,46.0025,15.5975,5.62
28-04-2019 00:00,33.6475,49.8825,17.195,6.2425
29-04-2019 00:00,58.0675,61.8875,20.255,8.98
30-04-2019 00:00,35.355,69.33,20.0325,10.5375
01-05-2019 00:00,43.8525,72.8075,20.3175,12.725
02-05-2019 00:00,26.07,44.975,13.3475,8.1375
03-05-2019 00:00,30.62,49.08,14.015,8.6475
04-05-2019 00:00,36.95,51.5625,17.8125,5.7625
05-05-2019 00:00,28.29333333,39.85333333,15.2825,7.0075
06-05-2019 00:00,47.94,63.72,20.0125,6.8025
07-05-2019 00:00,79.205,56.12,18.375,6.975
08-05-2019 00:00,71.005,52.6,19.7425,6.4475
09-05-2019 00:00,65.665,49.2175,18.3425,5.345
10-05-2019 00:00,30.4925,41.1,13.6175,4.71
11-05-2019 00:00,35.705,50.0225,17.125,5.96
12-05-2019 00:00,44.8775,51.7975,17.615,5.3
13-05-2019 00:00,41.125,54.8875,24.6425,10.165
14-05-2019 00:00,30.91,50.565,12.6375,5.1575
15-05-2019 00:00,30.6925,54.725,16.58,10.3275
16-05-2019 00:00,45.9775,62.0725,12.2025,6.68
17-05-2019 00:00,46.7525,50.28,11.335,5.275
18-05-2019 00:00,36.895,48.7275,11.62,3.175
19-05-2019 00:00,46.42,60.16,19.32,4.2775
20-05-2019 00:00,68.5075,65.6025,16.5275,4.5325
21-05-2019 00:00,49.5675,57.6575,17.0375,4.8575
22-05-2019 00:00,68.7,60.1675,17.3575,4.58
23-05-2019 00:00,54.1,57.7325,17.0325,5.4325
24-05-2019 00:00,34.94,41.5025,12.405,4.035
25-05-2019 00:00,25.9175,37.7775,12.3075,3.18
26-05-2019 00:00,32.46,49.1375,16.275,4.2925
27-05-2019 00:00,41.6925,60.5575,16.5,4.4875
28-05-2019 00:00,56.255,66.7525,17.005,5.3775
29-05-2019 00:00,62.82,70.8725,18.6925,5.7575
30-05-2019 00:00,86.3725,72.0125,18.5825,5.89
31-05-2019 00:00,54.72,64.1275,17.0925,6.025
01-06-2019 00:00,29.0675,58.9275,15.6925,7.895
02-06-2019 00:00,5.3875,37.92,13.065,3.4775
03-06-2019 00:00,3.045,31.5025,11.6025,2.6625
04-06-2019 00:00,4.3,38.19,13.6625,3.2825
05-06-2019 00:00,15.1325,43.095,13.65,4.935
06-06-2019 00:00,23.31,47.1475,13.7775,5.4425
07-06-2019 00:00,6.3275,40.91,13.31,3.55
08-06-2019 00:00,30.45,62.935,13.16,5.1525
09-06-2019 00:00,65.4875,69.2675,19.78,9.105
10-06-2019 00:00,76.595,71.8375,15.68,5.725
11-06-2019 00:00,65.59,55.145,12.6275,5.065
12-06-2019 00:00,9.3675,32.21,10.3775,3.9
13-06-2019 00:00,16.6125,42.5625,11.9075,3.9725
14-06-2019 00:00,48.39,49.58,13.155,3.7575
15-06-2019 00:00,46.7375,53.1725,15.155,5.07
16-06-2019 00:00,31.1725,27.815,9.68,2.515
17-06-2019 00:00,43.8675,40.75,11.8625,2.1675
18-06-2019 00:00,37.985,44.14,9.2875,2.7725
19-06-2019 00:00,17.5925,44.65,11.9925,3.12
20-06-2019 00:00,10.395,40.58,10.285,3.0325
21-06-2019 00:00,13.6825,49.695,11.97,3.22
22-06-2019 00:00,17.045,49.78,15.1225,3.2525
23-06-2019 00:00,6.0475,24.8975,10.555,2.78
24-06-2019 00:00,8.625,27.4125,10.265,2.5
25-06-2019 00:00,10.515,40.0625,10.88,2.7075
26-06-2019 00:00,25.9475,45.33,11.7825,2.9625
27-06-2019 00:00,38.3675,48.89,13.865,3.2175
28-06-2019 00:00,39.4625,41.485,13.6925,2.595
29-06-2019 00:00,37.42,39.6,11.475,2.5575
30-06-2019 00:00,33.265,35.1425,11.975,3.8425
01-07-2019 00:00,16.04,33.575,10.99,2.8575
02-07-2019 00:00,14.595,30.93,11.22,2.79
03-07-2019 00:00,4.695,24.4025,9.775,2.635
04-07-2019 00:00,16.17,26.845,9.2175,2.47
05-07-2019 00:00,21.045,33.45,9.025,2.6975
06-07-2019 00:00,9.815,28.2875,8.655,2.8075
07-07-2019 00:00,14.895,33.1075,9.655,2.8975
08-07-2019 00:00,17.1725,37.215,8.8025,2.745
09-07-2019 00:00,24.3725,31.89,6.975,2.585
10-07-2019 00:00,26.1025,32.37,8.5775,2.45
11-07-2019 00:00,35.34,29.405,8.385,2.6675
12-07-2019 00:00,32.32,25.5975,8.3725,2.7775
13-07-2019 00:00,26.48,23.8475,8.0275,2.5675
14-07-2019 00:00,23.61,24.23,8.2725,2.735
15-07-2019 00:00,15.5625,26.7675,8.96,2.67
16-07-2019 00:00,11.46,28.6775,8.11,2.8475
17-07-2019 00:00,22.6525,30.1725,7.6625,2.7025
18-07-2019 00:00,33.415,41.2275,7.64,3.2825
19-07-2019 00:00,22.41,38.9125,8.1275,2.6925
20-07-2019 00:00,19.395,35.085,8.425,3.0725
21-07-2019 00:00,32.0475,34.6175,8.5225,3.275
22-07-2019 00:00,32.63,34,8.5675,2.9875
23-07-2019 00:00,27.395,40.2475,8.9375,3.4175
24-07-2019 00:00,29.4525,43.215,7.895,2.9125
25-07-2019 00:00,28.705,34.26,8.1225,2.4325
26-07-2019 00:00,18.7275,28.6,8.07,2.5175
27-07-2019 00:00,17.7175,25.2475,8.105,2.4325
28-07-2019 00:00,7.7475,24.38,8.085,2.6275
29-07-2019 00:00,9.1075,23.46,8.905,2.6175
30-07-2019 00:00,10.655,27.2225,8.755,2.7625
31-07-2019 00:00,7.9025,25.17,8.7475,2.7825
01-08-2019 00:00,7.9225,27.0725,8.2475,2.615
02-08-2019 00:00,15.1725,29.85,8.925,2.79
03-08-2019 00:00,17.715,29.56,8.265,2.7775
04-08-2019 00:00,18.7575,28.3275,9.565,2.805
05-08-2019 00:00,16.3825,34.3575,8.79,3.1425
06-08-2019 00:00,21.995,36.135,8.3175,2.52
07-08-2019 00:00,21.4275,30.8275,8.9875,2.97
08-08-2019 00:00,13.2175,25.0925,8.8975,2.5225
09-08-2019 00:00,8.835,18.3975,8.045,2.6325
10-08-2019 00:00,4.896666667,15.59333333,9.973333333,0.77
11-08-2019 00:00,6.693333333,17.51333333,10.28333333,0.923333333
12-08-2019 00:00,27.0025,28.74,8.265,2.905
13-08-2019 00:00,31.4475,30.0625,8.6625,2.4325
14-08-2019 00:00,28.75,38.9075,8.7275,2.9775
15-08-2019 00:00,12.455,24.975,6.84,2.3525
16-08-2019 00:00,6.5425,19.1,7.2075,2.5975
17-08-2019 00:00,7.9125,14.91,6.6925,2.1575
18-08-2019 00:00,34.375,24.495,7.75,2.455
19-08-2019 00:00,36.0525,32.5275,7.6175,2.245
20-08-2019 00:00,32.4975,29.6525,7.7675,2.535
21-08-2019 00:00,28.495,32.0025,8.2425,2.1625
22-08-2019 00:00,40.0125,39.7625,8.96,2.6475
23-08-2019 00:00,59.605,40.985,8.59,2.7675
24-08-2019 00:00,47.925,42.5925,8.0625,2.7925
25-08-2019 00:00,12.9675,29.9875,7.805,2.4475
26-08-2019 00:00,16.4025,28.8075,8.6725,2.795
27-08-2019 00:00,26.215,37.1025,9.125,3.5075
28-08-2019 00:00,14.535,34.6375,8.4175,3.1
29-08-2019 00:00,8.7425,30.685,7.9125,2.865
30-08-2019 00:00,16.305,36.305,9.925,3.1175
31-08-2019 00:00,25.0925,49.0775,9.4875,3.24
01-09-2019 00:00,8.395,29.22,6.095,2.445
02-09-2019 00:00,11.9025,32.67,6.505,2.6
03-09-2019 00:00,19.3075,38.6375,7.155,2.625
04-09-2019 00:00,12.1875,34.6225,9.4875,2.2275
05-09-2019 00:00,12.8175,27.8225,10.905,2.56
06-09-2019 00:00,15.4025,28.1725,9.4025,3.4825
07-09-2019 00:00,14.435,28.9275,7.195,2.7575
08-09-2019 00:00,15.6225,25.475,6.8125,2.91
09-09-2019 00:00,19.83,31.2325,6.99,2.7775
10-09-2019 00:00,20.1375,37.84,7.6125,3.2625
11-09-2019 00:00,14.2825,46.0825,7.745,3.8125
12-09-2019 00:00,10.375,32.13,8.62,2.765
13-09-2019 00:00,9.2875,29.1675,7.5425,2.62
14-09-2019 00:00,6.4175,21.045,6.9725,2.5325
15-09-2019 00:00,11.13,26.7175,7.18,2.7425
16-09-2019 00:00,27.775,38.515,7.15,3.0775
17-09-2019 00:00,24.845,39.715,7.565,2.605
18-09-2019 00:00,5.215,26.9175,7.3525,2.4275
19-09-2019 00:00,6,20.0725,7.2475,1.9475
20-09-2019 00:00,14.55,28.735,7.8625,2.525
21-09-2019 00:00,27.025,34.465,7.74,3.1125
22-09-2019 00:00,18.92,33.5575,7.8625,2.0575
23-09-2019 00:00,15.3,33.7725,8.2425,2.34
24-09-2019 00:00,26.1275,37.9375,7.15,3.1225
25-09-2019 00:00,24.04,34.125,6.93,3.29
26-09-2019 00:00,28.265,27.705,8.4025,3.2475
27-09-2019 00:00,14.6125,23.785,7.2975,2.62
28-09-2019 00:00,20.0025,25.7125,6.45,2.81
29-09-2019 00:00,15.3075,23.2225,7.9225,2.1725
30-09-2019 00:00,21.2525,32.0725,7.8075,2.7725
01-10-2019 00:00,30.56,36.0125,7.2225,2.83
02-10-2019 00:00,47.35,37.675,7.69,2.9625
03-10-2019 00:00,56.3725,48.2025,6.6875,4.1725
04-10-2019 00:00,48.8275,44.0275,6.845,2.12
05-10-2019 00:00,36.9925,40.4825,6.83,1.8575
06-10-2019 00:00,33.6275,41.5275,6.7525,2.2625
07-10-2019 00:00,30.4075,35.5125,6.54,2.8525
08-10-2019 00:00,36.405,35.2725,8.17,3.125
09-10-2019 00:00,34.62,53.1975,8.3175,5.47
10-10-2019 00:00,33.41,61.405,7.8675,4.46
11-10-2019 00:00,47.765,52.2125,7.965,4.165
12-10-2019 00:00,41.5825,52.3825,8.2475,3.645
13-10-2019 00:00,55.2375,58.225,9.84,4.81
14-10-2019 00:00,67.5875,62.6725,10.715,3.84
15-10-2019 00:00,69.535,72.2975,10.4825,4.415
16-10-2019 00:00,43.315,66.265,9.3125,5.365
17-10-2019 00:00,42.025,66.0925,10.8575,4.1675
18-10-2019 00:00,36.9625,54.3375,8.39,2.85
19-10-2019 00:00,47.3325,61.975,9.6725,2.325
20-10-2019 00:00,54.7425,61.0475,9.25,1.415
21-10-2019 00:00,54.3275,63.8375,9.115,1.34
22-10-2019 00:00,80.0875,72.0375,10.73,2.835
23-10-2019 00:00,112.6075,83.6175,13.6075,5.6175
24-10-2019 00:00,125.4025,88.1625,12.5775,8.66
25-10-2019 00:00,63.4175,66.125,12.115,7.0725
26-10-2019 00:00,72.1025,76.2825,11.44,5.45
27-10-2019 00:00,78.4875,66.115,13.175,5.1675
28-10-2019 00:00,70.1675,65.9675,12.6575,7.2525
29-10-2019 00:00,98.59,73.4225,11.9775,6.025
30-10-2019 00:00,115.1225,71.9575,11.6975,7.425
31-10-2019 00:00,102.7625,75.7175,10.655,6.2325
01-11-2019 00:00,85.005,77.6425,10.015,7.7175
02-11-2019 00:00,67.3025,60.245,9.085,6.245
03-11-2019 00:00,71.8625,60.05,7.295,6.3075
04-11-2019 00:00,69.41,56.5875,8.8725,4.5275
05-11-2019 00:00,84.4,60.6025,10.7175,5.3125
06-11-2019 00:00,87.315,73.66,7.275,3.0025
07-11-2019 00:00,74.64,71.09,6.6975,5.61
08-11-2019 00:00,77.2975,68.71,7.73,6.48
09-11-2019 00:00,84.055,60.5425,7.645,5.765
10-11-2019 00:00,104.965,76.8275,9.2275,7.325
11-11-2019 00:00,101.9375,88.6225,10.2425,5.4975
12-11-2019 00:00,100.1175,82.455,10.58,5.5475
13-11-2019 00:00,102.98,77.395,11.365,5.385
14-11-2019 00:00,94.1425,75.2525,12.6025,6.34
15-11-2019 00:00,59.52,57.1225,7.38,3.385
16-11-2019 00:00,34.525,43.2125,9.4825,1.9875
17-11-2019 00:00,37.865,42.685,7.5875,1.9675
18-11-2019 00:00,72.19,56.785,9.185,2.3775
19-11-2019 00:00,77.3925,65.645,8.2125,2.355
20-11-2019 00:00,75.76,85.2525,12.0375,5.5425
21-11-2019 00:00,93.9775,89.8275,12.15,6.055
22-11-2019 00:00,73.985,78.045,8.83,5.04
23-11-2019 00:00,85.1425,68.4575,7.1425,3.485
24-11-2019 00:00,56.4775,58.1325,6.965,3.2125
25-11-2019 00:00,76.265,67.6325,9.545,4.625
26-11-2019 00:00,51.555,79.3125,7.9775,4.57
27-11-2019 00:00,35.4425,68.385,6.905,2.27
28-11-2019 00:00,23.3,56.1725,6.0175,1.6475
29-11-2019 00:00,55.9475,61.7175,7.2,2.5825
30-11-2019 00:00,86.6675,67.115,5.99,2.6625
01-12-2019 00:00,83.005,78.27,6.625,3.7575
02-12-2019 00:00,97.7625,84.255,7.2175,2.4375
03-12-2019 00:00,100.235,91.5275,8.1275,3.7925
04-12-2019 00:00,136.2575,96,9.955,3.47
05-12-2019 00:00,147.4325,104.355,8.6925,3.8625
06-12-2019 00:00,112.0775,94.155,8.2875,3.63
07-12-2019 00:00,135.3575,98.145,10.47,4.98
08-12-2019 00:00,116.1875,104.305,10.085,3.1625
09-12-2019 00:00,123.54,104.405,10.4475,3.885
10-12-2019 00:00,103.3875,104.3125,8.995,3.9175
11-12-2019 00:00,103.26,113.825,7.375,5.035
12-12-2019 00:00,42.6175,105.675,5.145,3.69
13-12-2019 00:00,31.1975,99.3425,5.015,3.105
14-12-2019 00:00,52.66333333,86.08666667,8.606666667,1.253333333
15-12-2019 00:00,94.9575,115.73,5.6075,2.515
16-12-2019 00:00,93.775,84.4575,5.0075,3.2625
17-12-2019 00:00,82.455,74.9575,5.8,2.6975
18-12-2019 00:00,58.0075,93.29,5.73,1.65
19-12-2019 00:00,66.57,103.8075,5.91,4.165
20-12-2019 00:00,72.09,123.765,5,3.575
21-12-2019 00:00,59.445,101.5375,5.775,2.4225
22-12-2019 00:00,55.325,81.8025,4.535,2.4025
23-12-2019 00:00,70.705,81.8075,5.5375,2.925
24-12-2019 00:00,62.3575,141.245,6.4875,4.2125
25-12-2019 00:00,44.73,90.8075,4.84,2.145
26-12-2019 00:00,32.1975,103.2975,5.635,2.5125
27-12-2019 00:00,44.8525,122.8075,6.795,3.42
28-12-2019 00:00,69.56,137.92,7.9475,4.465
29-12-2019 00:00,50.78,121.26,6.7675,4.5225
30-12-2019 00:00,64.52,82.1725,7.9875,3.7875
31-12-2019 00:00,43.065,71.5825,7.605,4.5825
01-01-2020 00:00,120.1725,80.2875,14.5725,4.625
02-01-2020 00:00,150.775,82.435,15.405,7.3975
03-01-2020 00:00,105.6175,77.78,8.925,7.4175
04-01-2020 00:00,77.7675,90.8325,6.2625,2.56
05-01-2020 00:00,55.525,79.9575,5.146666667,3.8
06-01-2020 00:00,64.115,81.9625,5.786666667,5.4425
07-01-2020 00:00,52.5375,76.8425,6.795,5.1725
08-01-2020 00:00,53.0675,66.0925,7.7425,3.9675
09-01-2020 00:00,49.54,58.1325,6.385,2.8225
10-01-2020 00:00,56.01,68.7725,7.665,3.7125
11-01-2020 00:00,75.9725,85.015,8.5225,4.1975
12-01-2020 00:00,117.52,90.755,12.9,4.2825
13-01-2020 00:00,69.1025,81.1725,6.61,2.3925
14-01-2020 00:00,56.1975,73.5175,6.845,2.9825
15-01-2020 00:00,53.4275,83.4125,6.75,3.2025
16-01-2020 00:00,48.98,77.9625,7.8625,3.2525
17-01-2020 00:00,57.1925,69.1725,6.9075,2.565
18-01-2020 00:00,63.475,77,6.6625,2.155
19-01-2020 00:00,51.32,63.5125,6.775,1.955
20-01-2020 00:00,77.565,71.9875,9.1025,3.2
21-01-2020 00:00,96.66,96.21,8.2,2.5475
22-01-2020 00:00,99.84333333,57.08,9.1225,2.6925
23-01-2020 00:00,36.7475,57.2425,7.225,1.97
24-01-2020 00:00,52.8225,69.0025,8.9425,3.9875
25-01-2020 00:00,95.8675,87.4675,9.575,3.4525
26-01-2020 00:00,76.8825,84.485,10.065,3.66
27-01-2020 00:00,57.0475,97.135,7.7725,4.0475
28-01-2020 00:00,34.4225,70.0625,8.6325,4.0575
29-01-2020 00:00,59.975,71.4625,7.9975,2.4925
30-01-2020 00:00,46.9675,74.6275,8.5325,2.9025
31-01-2020 00:00,51.27,79.2225,5.6975,2.7025
01-02-2020 00:00,69.33,78.43,7.9075,3.0025
02-02-2020 00:00,63.905,83.215,8.365,2.7225
03-02-2020 00:00,92.64,93.915,9.2375,3.8875
04-02-2020 00:00,82.735,98.1875,8.8225,4.865
05-02-2020 00:00,55.3125,87.9875,9.71,4.0125
06-02-2020 00:00,59.95,89.0925,9.0325,3.195
07-02-2020 00:00,61.5625,84.9675,8.515,4.0075
08-02-2020 00:00,44.3475,75.56,8.2,1.695
09-02-2020 00:00,47.8275,88.365,8.76,3.95
10-02-2020 00:00,59.1775,83.09,9.1225,3.255
11-02-2020 00:00,81.845,92.79,9.5925,3.53
12-02-2020 00:00,45.1375,83.5575,10.0125,3.01
13-02-2020 00:00,32.36,67.8775,11.205,3.225
14-02-2020 00:00,35.46,60.19,9.55,2.3725
15-02-2020 00:00,43.8525,70.38,10.85,2.2225
16-02-2020 00:00,67.5125,85.7875,12.575,2.1725
17-02-2020 00:00,60.4675,90.26,10.665,1.735
18-02-2020 00:00,69.14,86.7725,13.4725,3.5575
19-02-2020 00:00,42.4125,72.0575,11.2475,3.4325
20-02-2020 00:00,15.32,56.475,8.205,2.735
21-02-2020 00:00,18.8025,55.9075,7.3025,2.525
22-02-2020 00:00,47.35,64.9725,6.63,4.145
23-02-2020 00:00,38.41,50.8025,6.5775,1.9775
24-02-2020 00:00,35.4375,53.78,6.6725,2.7325
25-02-2020 00:00,46.1,60.1175,9.145,2.8675
26-02-2020 00:00,65.08,61.7625,10.0425,3.1325
27-02-2020 00:00,21.075,51.0775,9.71,1.405
28-02-2020 00:00,6.5975,37.2475,8.175,1.8475
29-02-2020 00:00,10.1025,37.085,7.315,3.2475
01-03-2020 00:00,31.11333333,68.18666667,8.116666667,1.175
02-03-2020 00:00,80.51,71.81333333,10.10333333,5.186666667
03-03-2020 00:00,52.965,56.7175,9.3875,2.785
04-03-2020 00:00,34.0025,54.98,9.015,4.16
05-03-2020 00:00,15.1425,44.0575,7.9275,3.08
06-03-2020 00:00,17.1325,46.3425,6.21,1.9425
07-03-2020 00:00,25.095,55.6725,6.32,2.3675
08-03-2020 00:00,58.625,54.3575,8.4875,3.31
09-03-2020 00:00,33.71,43.5775,7.61,2.44
10-03-2020 00:00,20.2625,42.4325,9.2575,1.32
11-03-2020 00:00,8.48,40.4225,7.405,2.66
12-03-2020 00:00,25.585,52.285,7.635,3.4875
13-03-2020 00:00,33.1425,62.8375,9.625,2.29
14-03-2020 00:00,23.8575,51.3775,8.695,2.5625
15-03-2020 00:00,41.36,63.485,8.725,2.6725
16-03-2020 00:00,37.49333333,46.73,12.49,2.035
17-03-2020 00:00,37.65,53.9825,9.1675,2.946666667
18-03-2020 00:00,46.885,58.39,8.65,1.385
19-03-2020 00:00,44.49,51.415,9.2425,2.75
20-03-2020 00:00,31.445,46.78,8.555,7.79
21-03-2020 00:00,47.5875,47.915,8.625,3.9875
22-03-2020 00:00,10.955,27.91,8.1575,4.095
23-03-2020 00:00,9.26,31.94,9.2675,4.4025
24-03-2020 00:00,13.255,36.9575,7.7325,4.8325
25-03-2020 00:00,14.36,30.395,7.035,3.6825
26-03-2020 00:00,12.285,26.3925,7.515,2.4575
27-03-2020 00:00,10.8725,25.4725,6.95,3.0375
28-03-2020 00:00,12.945,27.06,5.185,2.4
29-03-2020 00:00,10.4325,24.345,5.49,2.2525
30-03-2020 00:00,9.985,26.5675,5.3625,2.4275
31-03-2020 00:00,11.64666667,31.95,4.913333333,3.693333333
01-04-2020 00:00,11.845,28.0225,5.985,3.22
02-04-2020 00:00,8.7025,23.13,5.335,2.6775
03-04-2020 00:00,10.1875,31.72,6.3525,2.3
04-04-2020 00:00,11.3,32.71,6.3575,2.7175
05-04-2020 00:00,11.105,32.595,6.5175,3.6925
06-04-2020 00:00,14.01,33.66333333,5.9275,0.64
07-04-2020 00:00,11.69,28.23333333,8.8725,0.56
08-04-2020 00:00,10.47666667,28.82333333,6.1725,0.54
09-04-2020 00:00,9.003333333,29.26,9.243333333,0.566666667
10-04-2020 00:00,13.80333333,41.36333333,11.54,0.86
11-04-2020 00:00,12.60333333,37.36,8.796666667,0.723333333
12-04-2020 00:00,9.79,33.14666667,9.23,0.586666667
13-04-2020 00:00,12.94,38.68,12.64666667,0.736666667
14-04-2020 00:00,11.77,31.29333333,10.72,0.75
15-04-2020 00:00,12.56,28.63333333,9.61,0.766666667
16-04-2020 00:00,13.42333333,29.99666667,9.406666667,0.74
17-04-2020 00:00,7.553333333,24.29,9.71,0.506666667
18-04-2020 00:00,7.26,25.96333333,8.406666667,0.513333333
19-04-2020 00:00,10.9,33.725,8.05,3.61
20-04-2020 00:00,13.7375,36.0775,8.425,5.36
21-04-2020 00:00,12.0125,33.925,8.375,3.6525
22-04-2020 00:00,12.305,39.6975,9.8175,7.505
23-04-2020 00:00,11.0325,36.225,9.04,5.2725
24-04-2020 00:00,12.395,36.845,10.215,5.3
25-04-2020 00:00,8.6525,30.665,8.13,3.3175
26-04-2020 00:00,6.6475,24.91,8.596666667,3.88
27-04-2020 00:00,4.9575,24.18,7.8775,3.05
28-04-2020 00:00,7.34,24.5225,6.75,3.4425
29-04-2020 00:00,7.283333333,26.33333333,6.3175,0.69
30-04-2020 00:00,4.086666667,16.95,5.96,0.65
01-05-2020 00:00,5.063333333,18.09666667,7.58,0.63
02-05-2020 00:00,2.426666667,13.00333333,5.98,0.5
03-05-2020 00:00,4.153333333,15.63666667,6.56,0.543333333
04-05-2020 00:00,7.696666667,26.68,7.24,0.64
05-05-2020 00:00,10.56,28.67,7.02,0.713333333
06-05-2020 00:00,13.84666667,30.35333333,7.7,0.73
07-05-2020 00:00,7.953333333,29.56333333,6.98,0.555
08-05-2020 00:00,6.05,23.72,6.626666667,0.6
09-05-2020 00:00,3.97,18.02,6.226666667,0.603333333
10-05-2020 00:00,6.286666667,24.31,6.846666667,0.42
11-05-2020 00:00,5.686666667,21.93,6.436666667,0.333333333
12-05-2020 00:00,5.463333333,22.04666667,7.03,0.373333333
13-05-2020 00:00,8.723333333,29.19,7.466666667,0.46
14-05-2020 00:00,10.51666667,27.86333333,6.59,0.576666667
15-05-2020 00:00,4.55,22.81,8.2125,5.9175
16-05-2020 00:00,4.315,23.785,8.9725,4.3075
17-05-2020 00:00,6.87,29.425,13.8125,7.54
18-05-2020 00:00,10.3,34.245,12.5775,4.255
19-05-2020 00:00,12.46,37.4325,12.905,6.365
20-05-2020 00:00,6.205,26.91,11.105,3.9575
21-05-2020 00:00,7.0575,25.875,10.9825,4.46
22-05-2020 00:00,29.8925,50.9375,12.13,5.095
23-05-2020 00:00,11.36,32.445,10.3075,3.6525
24-05-2020 00:00,4.0075,23.13,10.495,4.8675
25-05-2020 00:00,4.7,27.025,13.1225,5.7575
26-05-2020 00:00,15.92,31.7275,8.91,3.515
27-05-2020 00:00,3.49,22.285,7.4775,3.8775
28-05-2020 00:00,3,12.9025,6.955,2.355
29-05-2020 00:00,3.345,16.445,6.705,3.0625
30-05-2020 00:00,3.52,14.9225,7.495,2.7875
31-05-2020 00:00,4.4075,15.835,7.4425,3.45
01-06-2020 00:00,5.58,21.49,6.1325,4.9325
02-06-2020 00:00,5.135,20.1275,6.415,5.0025
03-06-2020 00:00,6.595,24.285,7.3025,6.2225
04-06-2020 00:00,11.13,32.97,7.74,6.4725
05-06-2020 00:00,4.8425,23.17,6.555,3.6625
06-06-2020 00:00,3.4325,17.3375,5.7625,4.1725
07-06-2020 00:00,4.155,19.815,5.8875,3.315
08-06-2020 00:00,4.695,25.145,7.0025,5.695
09-06-2020 00:00,6.87,32.6225,7.635,4.915
10-06-2020 00:00,10.045,32.0125,8.1675,4.965
11-06-2020 00:00,6.8875,29.9825,5.375,4.9175
12-06-2020 00:00,5.4875,32.205,4.605,4.0125
13-06-2020 00:00,7.5,30.0875,3.9275,3.075
14-06-2020 00:00,8.94,32.6475,4.46,4.345
15-06-2020 00:00,10.5875,36.385,4.3125,3.715
16-06-2020 00:00,6.8425,27.855,4.345,3.5475
17-06-2020 00:00,4.72,21.6975,3.895,3.44
18-06-2020 00:00,6.53,25.2675,6.06,3.415
19-06-2020 00:00,5.0875,20.43,5.055,3.6925
20-06-2020 00:00,7.9575,22.905,3.3425,3.875
21-06-2020 00:00,5.8025,22.3275,3.2325,4.6325
22-06-2020 00:00,5.275,23.5275,3.7325,3.765
23-06-2020 00:00,4.4675,15.74,5.12,2.96
24-06-2020 00:00,4.86,16.9475,5.293333333,3.295
25-06-2020 00:00,7.9925,20.325,4.2925,5.5375
26-06-2020 00:00,6.895,20.145,3.915,4.965
27-06-2020 00:00,12.5575,20.9375,4.07,4.015
28-06-2020 00:00,17.02,24.345,4.553333333,3.3475
29-06-2020 00:00,8.3275,20.54,4.06,5
30-06-2020 00:00,4.3625,18.7975,3.325,3.5575
01-07-2020 00:00,4.2075,21.135,3.435,3.6075
02-07-2020 00:00,4.8125,24.41,3.205,3.6725
03-07-2020 00:00,4.745,24.755,3.733333333,3.76
04-07-2020 00:00,4.145,16.495,3.41,3.295
05-07-2020 00:00,5.1375,18.845,3.203333333,4.6975
06-07-2020 00:00,5.985,21.5825,3.89,4.4525
07-07-2020 00:00,5.54,14.4625,3.21,2.9075
08-07-2020 00:00,6.2525,17.81,2.953333333,2.8425
09-07-2020 00:00,9.165,24.515,5.713333333,3.9925
10-07-2020 00:00,11.03,20.4325,8.336666667,3.0825
11-07-2020 00:00,6.6725,18.905,1.27,2.5875
12-07-2020 00:00,6.13,18.89,2.335,3.485
13-07-2020 00:00,10.3075,21.54,3.746666667,3.2725
14-07-2020 00:00,8.45,20.3725,2.926666667,3.3425
15-07-2020 00:00,3.99,15.925,1.99,3.7325
16-07-2020 00:00,4.475,16.155,1.985,3.7075
17-07-2020 00:00,4.5525,16.68,2.485,4.0575
18-07-2020 00:00,3.7575,15.4175,1.69,3.8625
19-07-2020 00:00,7.5475,16.65,2.52,3
20-07-2020 00:00,8.5375,24.7825,2.67,2.9575
21-07-2020 00:00,6.525,20.1425,2.67,2.825
22-07-2020 00:00,14.38,24.14,1.495,2.925
23-07-2020 00:00,22.795,38.625,1.715,4.015
24-07-2020 00:00,10.205,33.515,2.515,3.695
25-07-2020 00:00,6.1775,20.99,1.61,3.2825
26-07-2020 00:00,12.35,34.9825,2.37,3.28
27-07-2020 00:00,28.0375,34.345,2.34,2.875
28-07-2020 00:00,18.1475,24.6225,1.535,2.8025
29-07-2020 00:00,10.94,25.6175,1.9,2.7275
30-07-2020 00:00,11.365,21.5075,1.49,2.99
31-07-2020 00:00,11.12,26.9,1.56,3.925
01-08-2020 00:00,11.425,26.74,3.066666667,3.0975
02-08-2020 00:00,14.9225,21.68,2.683333333,2.91
03-08-2020 00:00,16.71,21.3325,2.456666667,3.3225
04-08-2020 00:00,6.94,21.88,2.513333333,2.5025
05-08-2020 00:00,11.03,26.335,9.756666667,3.545
06-08-2020 00:00,7.34,22.9675,2.343333333,4.015
07-08-2020 00:00,8.2125,25.995,2.906666667,3.82
08-08-2020 00:00,26.1125,45.2725,2.886666667,3.9475
09-08-2020 00:00,22.87,32.5425,2.863333333,3.51
10-08-2020 00:00,11.3375,23.72,2.563333333,3.435
11-08-2020 00:00,25.265,38.8325,4.0525,3.115
12-08-2020 00:00,20.92,25.66,3.8625,2.19
13-08-2020 00:00,18.095,29.5325,4.1125,3.1975
14-08-2020 00:00,13.0075,25.9975,4.2575,4.1375
15-08-2020 00:00,12.52,26.315,3.735,3.0175
16-08-2020 00:00,10.8475,22.885,4.055,3.055
17-08-2020 00:00,23.0225,33.5225,4.455,3.3375
18-08-2020 00:00,25.1725,39.2025,4.1875,4.8175
19-08-2020 00:00,30.8575,44.4325,4.1775,7.7325
20-08-2020 00:00,15.2975,32.495,4.43,5.64
21-08-2020 00:00,13.1225,24.1825,4.0125,3.85
22-08-2020 00:00,9.5425,20.095,4.825,2.0775
23-08-2020 00:00,7.89,18.0125,5.0675,2.5825
24-08-2020 00:00,10.1775,21.4875,4.1,1.5225
25-08-2020 00:00,15.87,28.9125,4.9025,1.685
26-08-2020 00:00,35.11,30.85,4.21,2.28
27-08-2020 00:00,21.3675,25.5275,4.0475,1.6125
28-08-2020 00:00,29.5925,34.64,4.9925,2.055
29-08-2020 00:00,24.715,35.34,5.0275,3.785
30-08-2020 00:00,9.34,20.1875,4.4925,2.7825
31-08-2020 00:00,12.7775,23.49,5.1875,2.29
01-09-2020 00:00,17.2425,29.9875,11.465,2.3625
02-09-2020 00:00,16.7525,35.015,5.1125,2.3775
03-09-2020 00:00,9.69,27.5825,4.4075,2.29
04-09-2020 00:00,27.1625,40.4125,5.51,7.0975
05-09-2020 00:00,19.2525,31.6,4.995,4.6675
06-09-2020 00:00,27.73,40.86,5.2075,4.6275
07-09-2020 00:00,37.425,42.605,6.27,10.78
08-09-2020 00:00,24.3325,30.8325,6.1025,3.5575
09-09-2020 00:00,27.385,32.66,7.455,6.11
10-09-2020 00:00,28.3775,34.825,6.1675,5.37
11-09-2020 00:00,32.295,41.815,6.38,5.32
12-09-2020 00:00,33.925,40.4425,6.675,9.0975
13-09-2020 00:00,18.285,33.6,5.7325,7.25
14-09-2020 00:00,31.42,39.4,6.2975,7.525
15-09-2020 00:00,33.18,38.9075,5.85,7.9475
16-09-2020 00:00,30.4525,36.2825,6.26,7.59
17-09-2020 00:00,29.96,31.19,6.9675,5.385
18-09-2020 00:00,29.56,29.59,6.985,6.255
19-09-2020 00:00,29.3575,33.9475,7.005,6.2225
20-09-2020 00:00,15.145,31.585,5.9725,15.0475
21-09-2020 00:00,9.875,24.265,6.7975,8.5975
22-09-2020 00:00,23.1475,43.2875,7,9.7925
23-09-2020 00:00,37.11,38.1925,7.17,8.2375
24-09-2020 00:00,35.6,38.1575,6.66,7.6
25-09-2020 00:00,49.4575,50.64,7.2875,4.4625
26-09-2020 00:00,72.9275,52.23,6.2425,6.45
27-09-2020 00:00,71.815,44.19,7.085,3.5525
28-09-2020 00:00,54.32,45.9475,6.49,5.44
29-09-2020 00:00,35.8675,41.535,5.62,6.915
30-09-2020 00:00,58.3275,46.195,6.5625,5.43
01-10-2020 00:00,71.185,57.5525,7.56,5.7925
02-10-2020 00:00,45.375,53.045,7.94,4.2425
03-10-2020 00:00,27.8175,55.9525,8.0375,8.305
04-10-2020 00:00,35.34,58.15,9.565,5.855
05-10-2020 00:00,47.1275,59.06,9.44,6.38
06-10-2020 00:00,61.1175,65.4875,10.38,6.5025
07-10-2020 00:00,55.925,69.695,9.9875,5.9775
08-10-2020 00:00,50.12,63.235,9.045,7.3825
09-10-2020 00:00,58.5925,64.3175,9.315,7.28
10-10-2020 00:00,46.625,59.0475,9.475,7.76
11-10-2020 00:00,71.4025,61.4925,10.4825,8.325
12-10-2020 00:00,80.745,75.445,10.2525,13.1025
13-10-2020 00:00,73.9275,70.6825,8.9575,8.66
14-10-2020 00:00,85.16,63.795,8.4425,12.1775
15-10-2020 00:00,83.27,65.615,10.6125,8.3875
16-10-2020 00:00,75.07,69.815,10.665,8.315
17-10-2020 00:00,78.5575,77.2275,11.8475,6.28
18-10-2020 00:00,39.8975,59.435,10.6825,3.945
19-10-2020 00:00,36.2375,57.17,9.265,5.57
20-10-2020 00:00,59.65,65.82,10.035,7.3775
21-10-2020 00:00,92.4775,71.9975,10.0725,6.19
22-10-2020 00:00,96.16,87.2575,11.825,7.4275
23-10-2020 00:00,86.815,87.185,11.8325,5.35
24-10-2020 00:00,84.3625,80.375,9.945,5.43
25-10-2020 00:00,90,89.055,11.15,5.5675
26-10-2020 00:00,97.5225,89.2775,11.3225,5.8325
27-10-2020 00:00,87.0775,78.575,10.615,4.4525
28-10-2020 00:00,97.0375,92.4275,11.3025,6.085
29-10-2020 00:00,102.8625,97.8125,9.0925,9.3175
30-10-2020 00:00,63.415,78.8375,6.31,4.7425
31-10-2020 00:00,48.45,71.35,6.8875,3.9
01-11-2020 00:00,61.3375,72.2,9.2125,5.2225
02-11-2020 00:00,115.76,88.3575,9.43,5.6925
03-11-2020 00:00,163.3025,95.4825,10.5275,7.1975
04-11-2020 00:00,135.0975,93.59,10.1775,5.95
05-11-2020 00:00,120.14,93.2375,9.6675,6.7975
06-11-2020 00:00,114.5475,89.38,10.495,6.395
07-11-2020 00:00,81.155,88.1525,9.9625,5.7475
08-11-2020 00:00,82.09,98.5925,9.64,9.2725
09-11-2020 00:00,81.52,99.9075,8.4325,6.355
10-11-2020 00:00,119.0025,88.7225,8.555,8.43
11-11-2020 00:00,139.615,76.04,8.325,9.05
12-11-2020 00:00,141.2625,84.3975,8.4175,7.9475
13-11-2020 00:00,123.0275,88.3325,8.6775,4.8025
14-11-2020 00:00,88.77,89.295,9.9975,7.015
15-11-2020 00:00,31.37,55.99,10.6925,6.185
16-11-2020 00:00,25.0125,37.6825,7.4275,3.31
17-11-2020 00:00,49.545,50.39,7.6775,2.8775
18-11-2020 00:00,67.415,63.8275,6.59,2.8475
19-11-2020 00:00,70.7775,69.9,5.9,4.7525
20-11-2020 00:00,55.255,66.7375,6.525,4.1125
21-11-2020 00:00,65.02,61.07,6.9025,3.4125
22-11-2020 00:00,86.5525,68.92,7.0725,4.205
23-11-2020 00:00,136.495,90.4575,9.1275,10.0725
24-11-2020 00:00,153.5925,105.7,9.355,12.8825
25-11-2020 00:00,98.745,84.505,8.385,11.455
26-11-2020 00:00,69.7925,53.3,9.295,4.0175
27-11-2020 00:00,68.045,57.545,5.7,3.8925
28-11-2020 00:00,87.32,65.9375,6.0925,3.545
29-11-2020 00:00,89.35,75.0925,8.5675,4.78
30-11-2020 00:00,114.3325,78.2875,7.525,5.025
01-12-2020 00:00,128.6125,88.9,8.465,6.2
02-12-2020 00:00,96.2225,81.61,7.1925,4.4175
03-12-2020 00:00,108.7925,88.8425,7.3175,4.94
04-12-2020 00:00,113.6525,96.1425,7.435,8.1725
05-12-2020 00:00,28.3225,70.1875,7.1175,3.305
06-12-2020 00:00,47.49,67.6575,7.12,5.175
07-12-2020 00:00,79.945,69.37,6.6825,5.5525
08-12-2020 00:00,119.09,70.5,7.3,7.5925
09-12-2020 00:00,131.85,66.2225,7.5925,6.785
10-12-2020 00:00,94.1025,49.56,5.54,3.86
11-12-2020 00:00,59.41,52.1175,5.2925,7.5275
12-12-2020 00:00,28.4675,41.3175,5.48,6.1875
13-12-2020 00:00,13.9425,30.3525,3.5775,3.7625
14-12-2020 00:00,13.8275,30.935,3.775,3.5825
15-12-2020 00:00,22.0725,39.25,6.135,6.0625
16-12-2020 00:00,25.0575,39.4,4.2175,4.34
17-12-2020 00:00,38.4675,40.56,5.6525,3.98
18-12-2020 00:00,83.475,47.8925,6.7825,5.2825
19-12-2020 00:00,84.57,73.425,5.355,5.9925
20-12-2020 00:00,79.8725,69.0725,6.3525,5.34
21-12-2020 00:00,128.1125,74.2325,8.355,7.135
22-12-2020 00:00,142.265,85.725,7.5725,7.4875
23-12-2020 00:00,124.755,85.0625,8.835,7.125
24-12-2020 00:00,142.1575,81.665,6.0925,7.185
25-12-2020 00:00,130.3025,70.8,6.93,4.7425
26-12-2020 00:00,96.1075,72.6975,7.2475,4.705
27-12-2020 00:00,71.8725,67.0275,6.4925,4.4725
28-12-2020 00:00,49.105,62.4375,6.3175,4.9725
29-12-2020 00:00,58.4225,68.655,6.095,4.975
30-12-2020 00:00,51.265,64.535,6.04,4.1
31-12-2020 00:00,90.9425,78.2275,6.7675,5.21
01-01-2021 00:00,145.7925,81.9125,7.84,8.4625
02-01-2021 00:00,47.25,74.285,7.8275,10.065
03-01-2021 00:00,44.19,52.255,6.92,6.5725
04-01-2021 00:00,68.3875,56.655,8.285,6.3125
05-01-2021 00:00,50.8925,49.5975,8.5875,8.4275
06-01-2021 00:00,46.9925,40.195,6.7325,6.225
07-01-2021 00:00,34.56,35.8525,6.5125,3.9025
08-01-2021 00:00,41.6975,40.675,7.905,5.875
09-01-2021 00:00,41.705,44.215,8.4875,5.785
10-01-2021 00:00,39.5575,41.7925,5.9925,3.8625
11-01-2021 00:00,54.93,50.6225,6.545,4.2125
12-01-2021 00:00,86.745,57.24,7.485,5.1
13-01-2021 00:00,104.115,61.23,10.5425,6.3975
14-01-2021 00:00,114.9425,80.2025,8.855,11.2125
15-01-2021 00:00,111.0875,77.65,9.95,11.245
16-01-2021 00:00,73.8325,59.6825,6.065,6.32
17-01-2021 00:00,34.6475,45.2775,8.21,5.355
18-01-2021 00:00,108.045,58.82,11.555,7.6525
19-01-2021 00:00,101.25,51.69,9.9975,6.5675
20-01-2021 00:00,58.9125,48.11,7.98,4.975
21-01-2021 00:00,69.015,61.7575,9.435,5.86
22-01-2021 00:00,77.6775,53.19,8.1875,4.515
23-01-2021 00:00,23.83,47.1175,8.37,4.1
24-01-2021 00:00,59.7725,46.395,8.4175,4.4025
25-01-2021 00:00,78.96,50.8725,9.155,5.0475
26-01-2021 00:00,69.72,50.97,9.2,5.105
27-01-2021 00:00,116.4525,67.9275,10.4425,5.69
28-01-2021 00:00,144.56,69.2025,11.0575,8.4725
29-01-2021 00:00,89.8775,65.185,9.5775,4.96
30-01-2021 00:00,64.8525,62.465,10.0275,5.875
31-01-2021 00:00,107.9175,66.4275,10.6875,6.075
01-02-2021 00:00,116.075,75.4525,10.775,9.3225
02-02-2021 00:00,101.7675,85.8675,16.9425,7.6575
03-02-2021 00:00,23.935,61.8575,15.7075,5.2775
04-02-2021 00:00,33.76666667,70.08333333,11.8175,5.7475
05-02-2021 00:00,44.67,57.2625,7.5275,4.4275
06-02-2021 00:00,47.6275,52.6525,7.68,4.4225
07-02-2021 00:00,65.96,56.9775,8.71,4.6325
08-02-2021 00:00,90.315,55.565,8.345,3.66
09-02-2021 00:00,94.8175,63.3275,8.1,6.8375
10-02-2021 00:00,90.9625,65.135,7.9175,6.775
11-02-2021 00:00,82.4875,68.59,8.175,4.4525
12-02-2021 00:00,84.205,58.1825,7.8575,2.8475
13-02-2021 00:00,75.78,69.4325,8.245,4.26
14-02-2021 00:00,96.53,69.2925,7.62,6.76
15-02-2021 00:00,86.9425,67.08,7.025,5.5475
16-02-2021 00:00,57.3,67.145,7.7425,8.3975
17-02-2021 00:00,105.03,73.9375,7.9875,5.895
18-02-2021 00:00,106.5475,75.4875,7.705,6.8825
19-02-2021 00:00,86.3375,67.9125,7.4075,5.735
20-02-2021 00:00,82.92,62.74,6.8575,4.6725
21-02-2021 00:00,85.01,72.255,7.555,5.49
22-02-2021 00:00,91.37,72.3175,7.895,5.59
23-02-2021 00:00,123.1525,83.24,8.315,5.0675
24-02-2021 00:00,108.38,80.665,8.21,5.2875
25-02-2021 00:00,109.6725,66.0125,8.5975,3.61
26-02-2021 00:00,86.5075,53.675,8.09,6.67
27-02-2021 00:00,102.2925,50.1125,7.0075,3.3225
28-02-2021 00:00,66.08,52.2175,7.56,4.3075
01-03-2021 00:00,46.6975,50.17,8.3975,5.515
02-03-2021 00:00,41.67,45.84,9.57,4.045
03-03-2021 00:00,70.1775,54.765,9.195,7.9475
04-03-2021 00:00,111.6125,75.095,9.1375,9.545
05-03-2021 00:00,63.705,59.105,8.79,5.545
06-03-2021 00:00,70.3925,59.0475,9.025,6.7275
07-03-2021 00:00,61.3025,52.795,8.8925,7.6375
08-03-2021 00:00,14.4975,45.3125,7.82,5.9275
09-03-2021 00:00,18.555,40.24,6.9475,8.86
10-03-2021 00:00,42.125,51.4125,7.34,6.8275
11-03-2021 00:00,56.195,42.79,5.26,8.9175
12-03-2021 00:00,38.8225,36.0475,4.8575,4.82
13-03-2021 00:00,58.255,44.5075,5.9375,9.39
14-03-2021 00:00,47.8,42.785,6.015,5.61
15-03-2021 00:00,46.585,46.3375,6.315,5.3175
16-03-2021 00:00,49.82,43.79,6.4825,5.9325
17-03-2021 00:00,54.3975,44.915,6.2825,6.145
18-03-2021 00:00,66.175,49.2975,6.49,5.8325
19-03-2021 00:00,36.21,38.1025,6.1775,5.8075
20-03-2021 00:00,31.96,36.43,5.81,6.5625
21-03-2021 00:00,24.56666667,37.33,4.423333333,7.26
22-03-2021 00:00,18.9125,37.17,5.0475,6.575
23-03-2021 00:00,36.8875,37.32,5.265,5.355
24-03-2021 00:00,49.485,46.7425,6.1,6.6525
25-03-2021 00:00,38.215,41.8975,5.96,5
26-03-2021 00:00,41.6025,49.73,9.68,5.6775
27-03-2021 00:00,72.2325,59.0625,11.505,6.43
28-03-2021 00:00,63.805,65.5075,9.0875,10.74
29-03-2021 00:00,69.655,50.26,8.7,6.9025
30-03-2021 00:00,75.8225,50.6775,8.3525,5.56
31-03-2021 00:00,36.475,48.1125,8.1,4.685
01-04-2021 00:00,32.63,45.505,8.885,4.14
02-04-2021 00:00,48.7475,55.9925,11.05,6.045
03-04-2021 00:00,56.765,60.205,8.9575,8.1975
04-04-2021 00:00,62.28,55.0925,10.56,8.2525
05-04-2021 00:00,44.14,80.875,11.2775,13.67
06-04-2021 00:00,14.0175,76.9175,11.95,9.79
07-04-2021 00:00,30.6375,49.2275,6.9175,7.5575
08-04-2021 00:00,48.44,48.5225,7.745,5.2875
09-04-2021 00:00,58.57,53.7725,9.3525,6.5875
10-04-2021 00:00,59.845,82.715,10.515,6.445
11-04-2021 00:00,55.0425,82.9725,10.875,7.4975
12-04-2021 00:00,58.1575,69.955,12.0325,9.635
13-04-2021 00:00,45.4625,49.3575,10.6825,8.46
14-04-2021 00:00,30.185,42.4275,8.975,5.78
15-04-2021 00:00,37.6375,46.8275,9.5425,6.19
16-04-2021 00:00,25.36,38.315,8.8975,6.725
17-04-2021 00:00,8.35,25.81,5.28,5.4325
18-04-2021 00:00,11.3925,31.235,8.855,8.8375
19-04-2021 00:00,19.335,41.6175,9.2525,7.0725
20-04-2021 00:00,6.5125,27.23,10.1,12.1275
21-04-2021 00:00,10.0425,24.1875,6.2975,8.14
22-04-2021 00:00,4.7275,25.005,6.28,7.615
23-04-2021 00:00,6.5425,25.16,6.3225,8.0675
24-04-2021 00:00,13.375,31.075,6.2625,6.3525
25-04-2021 00:00,29.8775,40.55,9.3,6.9725
26-04-2021 00:00,59.34,55.6325,13.2275,8.8175
27-04-2021 00:00,72.3375,60.16,13.2575,10.0925
28-04-2021 00:00,45.0525,53.5875,13.535,4.805
29-04-2021 00:00,26.8725,46.5075,11.57,7.415
30-04-2021 00:00,22.14,41.3375,9.86,8.6075
01-05-2021 00:00,10.99,33.505,7.1925,6.76
02-05-2021 00:00,21.7575,35.8075,6.4025,5.15
03-05-2021 00:00,22.11,37.6,7.83,5.7225
04-05-2021 00:00,20.7275,32.335,6.4925,3.9375
05-05-2021 00:00,6.01,27.185,6.8925,8.28
06-05-2021 00:00,4.5575,22.075,5.395,4.3575
07-05-2021 00:00,4.896666667,21.35666667,7.033333333,0.703333333
08-05-2021 00:00,7.576666667,26.56666667,7.52,0.723333333
09-05-2021 00:00,7.705,24.8675,5.615,1.43
10-05-2021 00:00,7.07,28.205,5.945,2.7225
11-05-2021 00:00,9.6175,22.63,5.0675,2.0225
12-05-2021 00:00,7.9675,19.6725,4.975,1.97
13-05-2021 00:00,4.58,17.2725,4.9125,3.2075
14-05-2021 00:00,4.5525,17.9225,5.365,1.665
15-05-2021 00:00,11.5175,20.815,5.285,3.835
16-05-2021 00:00,19.475,28.2575,8.4125,12.02
17-05-2021 00:00,26.63,38.5425,7.1875,3.3725
18-05-2021 00:00,6.375,18.4875,4.305,1.65
19-05-2021 00:00,5.6725,16.2175,3.7125,1.335
20-05-2021 00:00,7.125,17.425,3.6725,1.4575
21-05-2021 00:00,5.4025,17.6725,4.265,1.4725
22-05-2021 00:00,13.48,21.0125,4.4025,1.4675
23-05-2021 00:00,13.1175,18.27,3.93,1.3875
24-05-2021 00:00,10.455,21.3925,5.3125,1.4625
25-05-2021 00:00,9.9925,27.075,5.4875,0.7375
26-05-2021 00:00,45.94,39.6325,6.6225,1.51
27-05-2021 00:00,22.77,32.425,5.055,1.5075
28-05-2021 00:00,3.78,18.8925,4.07,0.77
29-05-2021 00:00,5.1675,16.92,3.7825,1.0575
30-05-2021 00:00,6.07,17.67,3.84,1.2825
31-05-2021 00:00,12.11,31.35,4.9275,2.1425
01-06-2021 00:00,9.895,25.41,3.5725,1.745
02-06-2021 00:00,15.7675,29.53,4.945,2.175
03-06-2021 00:00,10.875,29.39,5.3775,3.63
04-06-2021 00:00,9.775,26.275,5.14,3.0975
05-06-2021 00:00,9.855,27.32,4.3375,1.325
06-06-2021 00:00,20.2,34.1425,4.295,0.915
07-06-2021 00:00,25.14,35.835,5.5225,2.755
08-06-2021 00:00,37.1575,28.2525,5.3775,1.645
09-06-2021 00:00,24.6625,25.475,4.7675,0.9525
10-06-2021 00:00,6.615,18.075,3.8025,1.1375
11-06-2021 00:00,5.8475,22.905,4.06,1.5225
12-06-2021 00:00,6.1475,17.5,4.025,1.045
13-06-2021 00:00,11.32,19.735,3.63,1.465
14-06-2021 00:00,9.68,19.6325,3.7675,1.2375
15-06-2021 00:00,10.605,19.205,3.625,1.2925
16-06-2021 00:00,11.38,21.17,3.445,1.7425
17-06-2021 00:00,12.475,18.605,2.8975,1.0125
18-06-2021 00:00,8.11,15.7525,3.1425,1.2875
19-06-2021 00:00,11.2575,14.075,3.7425,7.7775
20-06-2021 00:00,7.73,12.375,3.395,1.6875
21-06-2021 00:00,12.52,22.02,3.335,2.965
22-06-2021 00:00,20.03,27.1875,3.8225,1.7225
23-06-2021 00:00,21.14,30.0775,4.2575,1.855
24-06-2021 00:00,7.9375,17.2375,2.935,1.3725
25-06-2021 00:00,10.9525,23.035,3.605,1.845
26-06-2021 00:00,16.3125,25.75,3.52,1.6075
27-06-2021 00:00,9.7275,23.5775,3.45,1.42
28-06-2021 00:00,10.2075,25.965,3.77,1.4725
29-06-2021 00:00,23.5125,33.2675,4.425,1.5125
30-06-2021 00:00,28.8075,27.585,4.395,1.5475
01-07-2021 00:00,24.7375,24.8075,4.095,1.275
02-07-2021 00:00,22.7825,26.4175,4.4025,3.9575
03-07-2021 00:00,15.305,36.41333333,3.4475,2.9075
04-07-2021 00:00,18.52,40.63333333,4.6375,2.125
05-07-2021 00:00,21.1725,28.1875,3.5025,2.715
06-07-2021 00:00,17.13,25.455,3.3425,2.4825
07-07-2021 00:00,23.425,28.37,3.1375,3.055
08-07-2021 00:00,20.62,24.7125,3.475,2.1025
09-07-2021 00:00,8.7875,21.2175,3.4425,2.4725
10-07-2021 00:00,8.1175,19.2225,3.78,2.315
11-07-2021 00:00,7.5675,17.9125,3.805,2.7225
12-07-2021 00:00,7.6425,16.4175,3.585,2.22
13-07-2021 00:00,13.785,19.475,3.4875,4.505
14-07-2021 00:00,10.69,31.2925,3.495,2.8025
15-07-2021 00:00,8.04,25.905,3.435,3.415
16-07-2021 00:00,6.2075,32.9525,3.57,2.245
17-07-2021 00:00,6.2975,22.1075,3.135,3.445
18-07-2021 00:00,6.79,14.8075,3.345,3.985
19-07-2021 00:00,8.7275,17.4575,3.59,3.955
20-07-2021 00:00,18.675,28.58,3.3925,2.2075
21-07-2021 00:00,23.915,31.5275,3.39,2.1875
22-07-2021 00:00,8.65,19.315,2.346666667,2.685
23-07-2021 00:00,10.4875,25.5725,4.2475,3.545
24-07-2021 00:00,24.3025,30.28,3.4875,3.5775
25-07-2021 00:00,18.1075,25.485,3.15,2.805
26-07-2021 00:00,15.79,28.95,3.395,2.8825
27-07-2021 00:00,38.2875,26.91,3.345,3.09
28-07-2021 00:00,47.8925,30.8075,3.3425,2.765
29-07-2021 00:00,40.5275,29.1625,3.61,2.845
30-07-2021 00:00,23.175,25.455,3.55,3.15
31-07-2021 00:00,16.0375,21.955,4.893333333,0.686666667
01-08-2021 00:00,25.825,25.1425,3.58,2.2825
02-08-2021 00:00,38.2175,30.4925,3.58,5.8175
03-08-2021 00:00,17.475,23.705,3.845,6.11
04-08-2021 00:00,17.55,25.495,3.77,7.1775
05-08-2021 00:00,22.2875,26.0675,3.78,6.7575
06-08-2021 00:00,20.755,28.21,3.7425,6.95
07-08-2021 00:00,27.8575,31.5875,3.8475,4.8225
08-08-2021 00:00,31.895,31.58,3.995,2.7775
09-08-2021 00:00,27.365,33.38,3.775,3.2775
10-08-2021 00:00,42.465,33.245,5.29,2.9125
11-08-2021 00:00,42.395,29.93,5.6225,2.02
12-08-2021 00:00,35.7875,29.8475,5.46,2.775
13-08-2021 00:00,33.3475,28.395,5.84,2.9725
14-08-2021 00:00,29.0375,28.875,6.0275,2.8825
15-08-2021 00:00,27.1475,28.475,5.4925,0.8
16-08-2021 00:00,29.345,32.425,7.115,1.04
17-08-2021 00:00,26.63,33.705,6.595,1.5225
18-08-2021 00:00,27.365,41.52,6.145,2.09
19-08-2021 00:00,24.3475,44.5875,6.23,3.955
20-08-2021 00:00,11.395,27.3575,5.6675,2.3675
21-08-2021 00:00,16.3875,27.43,4.995,1.52
22-08-2021 00:00,12.8825,24.3125,4.575,1.715
23-08-2021 00:00,56.905,48.3575,6.5575,2.4625
24-08-2021 00:00,40.2275,36.8175,5.0175,2.7525
25-08-2021 00:00,39.935,33.5725,5.2125,2.8575
26-08-2021 00:00,55.35,32.845,4.3975,2.455
27-08-2021 00:00,31.4525,34.2575,4.16,2.7975
28-08-2021 00:00,16.8525,31.6,4.0175,2.7425
29-08-2021 00:00,9.96,25.1625,3.6725,2.2575
30-08-2021 00:00,8.655,21.9225,4.0025,2.7
31-08-2021 00:00,16.0625,27.5025,4.3125,3.48
01-09-2021 00:00,25.525,25.7525,3.835,3.1225
02-09-2021 00:00,27.47,30.3925,4.0575,3.6375
03-09-2021 00:00,25.07,34.6,4.5525,3.6425
04-09-2021 00:00,26.78,34.995,4.7925,2.8075
05-09-2021 00:00,36.36,38.085,4.7375,2.5
06-09-2021 00:00,21.52,36.6625,4.585,4.426666667
07-09-2021 00:00,15.335,28.63,4.365,4.246666667
08-09-2021 00:00,10.595,24.62,4.7925,3.0925
09-09-2021 00:00,16.995,28.48,5.2025,3.6675
10-09-2021 00:00,18.9925,30.665,5.975,4.71
11-09-2021 00:00,16.2475,28.3725,5.08,3.9075
12-09-2021 00:00,33.99,31.12,5.205,3.4125
13-09-2021 00:00,35.5975,34.525,5.1475,5.0375
14-09-2021 00:00,31.9825,29.595,4.72,6.27
15-09-2021 00:00,22.5575,27.01,5.375,3.855
16-09-2021 00:00,40.375,35.61,4.945,3.225
17-09-2021 00:00,27.04,33.8125,5.44,3.38
18-09-2021 00:00,23.93,36.365,6.8525,4.3775
19-09-2021 00:00,12.495,24.2725,5.2475,3.17
20-09-2021 00:00,15.1975,23.2675,5.23,3.4375
21-09-2021 00:00,19.74,30.71,5.2625,4.38
22-09-2021 00:00,26.565,34.65,5.8975,5.385
23-09-2021 00:00,25.7025,31.1275,5.4075,5.545
24-09-2021 00:00,32.2725,32.7525,5.0375,4.9675
25-09-2021 00:00,28.54,32.505,5.265,5.615
26-09-2021 00:00,14.2175,27.365,5.645,6.7125
27-09-2021 00:00,27.0075,36.0525,5.2425,5.535
28-09-2021 00:00,26.58,34.73,5.32,7.455
29-09-2021 00:00,29.355,36.945,5.205,7.2375
30-09-2021 00:00,39.5,40.495,5.2075,7.0275
01-10-2021 00:00,82.08,56.2525,5.01,7.0225
02-10-2021 00:00,56.215,46.535,4.9,5.93
03-10-2021 00:00,57.3625,42.0625,4.895,5.9975
04-10-2021 00:00,67.035,44.5975,5.0775,7.14
05-10-2021 00:00,30.185,49.195,5.725,6.865
06-10-2021 00:00,46.475,45.665,4.81,5.3925
07-10-2021 00:00,46.7,55.2675,6.5425,6.445
08-10-2021 00:00,68.2875,64.15,8.0325,6.6625
09-10-2021 00:00,88.6075,66.3375,6.9625,6.7925
10-10-2021 00:00,96.5175,64.8375,6.1575,7.765
11-10-2021 00:00,111.1825,65.995,6.7375,7.7825
12-10-2021 00:00,86.825,60.74,6.0325,6.635
13-10-2021 00:00,57.2675,62.4875,5.35,8.105
14-10-2021 00:00,77.7625,72.4,5.35,7.405
15-10-2021 00:00,91.07,81.3825,6.64,8.0725
16-10-2021 00:00,97.065,79.18,5.3925,9.135
17-10-2021 00:00,61.5475,49.1675,4.065,6.24
18-10-2021 00:00,48.7425,45.9575,4.25,4.9325
19-10-2021 00:00,66.16,52.9775,4.675,5.5925
20-10-2021 00:00,95.6525,67.2125,5.42,6.76
21-10-2021 00:00,118.4775,67.325,5.6475,6.09
22-10-2021 00:00,99.56,74.3025,6.015,5.525
23-10-2021 00:00,89.0875,71.6,8.166666667,6.1275
24-10-2021 00:00,31.125,53.6375,6.08,4.0775
25-10-2021 00:00,34.995,53.915,7.203333333,4.57
26-10-2021 00:00,81.0275,58.26,9.923333333,4.2075
27-10-2021 00:00,96.5725,77.8875,11.03,4.925
28-10-2021 00:00,88.61,74.805,11.34,5.5925
29-10-2021 00:00,138.04,79.1875,13.1775,5.4525
30-10-2021 00:00,99.3725,73.1325,11.825,4.905
31-10-2021 00:00,89.915,72.1625,12.2075,4.8575
01-11-2021 00:00,98.835,78.455,10.9375,6.45
02-11-2021 00:00,46.5825,71.8725,10.0525,5.225
03-11-2021 00:00,82.34,91.915,11.8525,5.1025
04-11-2021 00:00,77.0425,82.705,13.5275,6.3325
05-11-2021 00:00,101.3375,81.8825,14.1625,6.73
06-11-2021 00:00,113.935,83.14,12.11,6.4125
07-11-2021 00:00,106.97,85.345,11.75,7.0575
08-11-2021 00:00,94.595,86.1325,12.0475,6.25
09-11-2021 00:00,86.6125,84.835,12.465,8.61
10-11-2021 00:00,113.575,98.02,12.575,7.8325
11-11-2021 00:00,159.44,108.34,12.735,5.7975
12-11-2021 00:00,124.0925,99.0375,11.42,6.8675
13-11-2021 00:00,117.12,91.9825,10.845,6.97
14-11-2021 00:00,125.28,89.7625,11.9725,6.6275
15-11-2021 00:00,135.21,93.94,11.515,6.0725
16-11-2021 00:00,126.2275,89.295,11.65,6.095
17-11-2021 00:00,114.6075,82.84,9.825,5.2425
18-11-2021 00:00,98.52,91.0125,9.96,5.5975
19-11-2021 00:00,116.9275,92.0225,10.64,7.7775
20-11-2021 00:00,95.62,90.8475,9.64,6.7925
21-11-2021 00:00,95.7075,81.9475,7.3925,6.9025
22-11-2021 00:00,68.99,69.34,8.5325,6.2225
23-11-2021 00:00,114.165,90.9025,9.115,6.7825
24-11-2021 00:00,136.74,116.795,8.5975,9.38
25-11-2021 00:00,135.895,102.2925,5.9475,7.7325
26-11-2021 00:00,134.9775,92.2875,6.7725,9.17
27-11-2021 00:00,116.795,85.8225,6.4475,6.8125
28-11-2021 00:00,119.11,78.5775,5.4975,12.11
29-11-2021 00:00,116.58,73.9325,5.27,7.8625
30-11-2021 00:00,80.945,77.0175,4.9125,6.88
01-12-2021 00:00,141.83,94.9475,4.415,5.98
02-12-2021 00:00,89.0975,72.7875,4.9525,6.8
03-12-2021 00:00,92.7975,82.465,4.88,7.37
04-12-2021 00:00,154.185,82.26,5.875,7.2875
05-12-2021 00:00,144.8625,85.935,6.0475,6.895
06-12-2021 00:00,100.1775,87.11,5.36,8.4575
07-12-2021 00:00,109.635,81.28,4.855,6.135
08-12-2021 00:00,100.575,89.6975,5.2175,6.0725
09-12-2021 00:00,110.3975,84.9825,4.14,6.565
10-12-2021 00:00,95.6025,83.9175,3.6275,6.51
11-12-2021 00:00,92.9225,81.9825,4.255,6.865
12-12-2021 00:00,121.16,89.37,5.08,6.525
13-12-2021 00:00,106.235,90.115,5,8.3625
14-12-2021 00:00,108.5175,81.46,4.76,7.795
15-12-2021 00:00,75.7825,74.0675,4.9275,7.745
16-12-2021 00:00,77.4175,96.535,5.115,12.16
17-12-2021 00:00,52.18,81.125,4.1325,11.2
18-12-2021 00:00,65.2625,72.035,4.355,6.9725
19-12-2021 00:00,74.475,87.0825,4.36,7.0875
20-12-2021 00:00,106.775,92.5275,4.9275,7.0275
21-12-2021 00:00,137.96,85.6325,6.0975,8.225
22-12-2021 00:00,145.8775,104.03,5.2875,8.8025
23-12-2021 00:00,71.0625,91.6825,5.6175,8.8925
24-12-2021 00:00,90.64,86.4325,5.65,8.165
25-12-2021 00:00,121.6325,88.6325,5.2,9.685
26-12-2021 00:00,95.7475,81.4575,5.446666667,6.975
27-12-2021 00:00,100.2275,75.955,6.103333333,8.315
28-12-2021 00:00,92.35,70.245,7.006666667,7.4775
29-12-2021 00:00,109.93,51.9925,7.096666667,7.04
30-12-2021 00:00,126.5025,61.0125,8.313333333,5.7925
31-12-2021 00:00,110.1125,67.2175,8.01,6.815
01-01-2022 00:00,111.3225,73.785,7.4575,6.9975
02-01-2022 00:00,99.27,71.5275,6.87,8.515
03-01-2022 00:00,114.795,76.815,7.785,6.5425
04-01-2022 00:00,130.415,72.9675,7.33,6.71
05-01-2022 00:00,80.78,58.905,4.705,5.4675
06-01-2022 00:00,21.88,39.47,4.745,3.6975
07-01-2022 00:00,16.4925,32.9275,4.53,4.78
08-01-2022 00:00,24.7975,36.7325,4.4575,3.7675
09-01-2022 00:00,66.3475,40.2025,4.01,3.316666667
10-01-2022 00:00,62.955,48.34,6.1025,5.52
11-01-2022 00:00,57.2925,48.3775,5.53,3.795
12-01-2022 00:00,62.805,46.1375,5.5975,4.8775
13-01-2022 00:00,88.3925,59.72,5.205,5.365
14-01-2022 00:00,60.88,50.0975,5.4725,5.375
15-01-2022 00:00,46.39,41.475,5.7125,4.75
16-01-2022 00:00,65.4225,45.0825,6.3325,4.3225
17-01-2022 00:00,68.3275,52.465,6.8075,4.635
18-01-2022 00:00,63.93,49.575,7.7775,4.77
19-01-2022 00:00,86.89,57.3075,9.355,6.5975
20-01-2022 00:00,49.9725,52.6275,10.2375,6.635
21-01-2022 00:00,65.0625,57.06,6.3975,8.44
22-01-2022 00:00,22.63,43.0925,6.615,4.4675
23-01-2022 00:00,46.0425,36.38,5.8175,5.0525
24-01-2022 00:00,99.5875,46.6325,5.6625,6.6875
25-01-2022 00:00,84.185,37.75,7.1125,5.99
26-01-2022 00:00,64.9,35.8825,5.9925,6.1475
27-01-2022 00:00,71.0175,52.2575,10.1075,5.475
28-01-2022 00:00,55.855,52.06,9.2225,6.4
29-01-2022 00:00,90.18,53.2625,8.7,6.2425
30-01-2022 00:00,49.1925,50.4,8.8575,6.3975
31-01-2022 00:00,60.425,53.0925,9.033333333,6.1325
01-02-2022 00:00,72.7375,51.135,6.42,6.0975
02-02-2022 00:00,29.545,47.3525,7.705,5.79
03-02-2022 00:00,17.6025,33.2775,8.105,5.7775
04-02-2022 00:00,49.8475,31.6275,6.51,6.43
05-02-2022 00:00,71.175,42.8925,6.4575,7.675
06-02-2022 00:00,95.275,62.86,11.20333333,9.15
07-02-2022 00:00,82.28,59.03,10.1175,6.7225
08-02-2022 00:00,100.2175,62.645,7.83,6.725
09-02-2022 00:00,37.9675,41.395,9.2675,7.0025
10-02-2022 00:00,58.425,43.69,7.335,5.4825
11-02-2022 00:00,47.8925,46.735,10.28,5.8
12-02-2022 00:00,65.7575,52.2975,9.335,6.8125
13-02-2022 00:00,93.0875,58.715,11.5475,6.615
14-02-2022 00:00,74.9225,56.1575,10.0775,6.7975
15-02-2022 00:00,79.8075,57.2125,10.0625,9.6175
16-02-2022 00:00,90.0075,59.9425,10.775,8.0875
17-02-2022 00:00,71.3,53.925,12.72,7.2325
18-02-2022 00:00,90.235,51.03,10.425,6.125
19-02-2022 00:00,52.8025,44.8175,11.745,6.6625
20-02-2022 00:00,38.23,43.3225,11.9475,6.86
21-02-2022 00:00,66.16,50.11,11.6675,8.4025
22-02-2022 00:00,31.9225,37.7175,12.985,8.86
23-02-2022 00:00,35.825,35.795,10.7425,7.065
24-02-2022 00:00,65.175,50.6675,10.6575,10.6275
25-02-2022 00:00,33.58,43.525,10.715,7.6
26-02-2022 00:00,13.5925,30.225,10.455,8.47
27-02-2022 00:00,26.3,34.0525,9.2325,7.2975
28-02-2022 00:00,54.47,43.945,10.08,8.08
01-03-2022 00:00,63.285,52.665,11.025,6.595
02-03-2022 00:00,103.9225,64.075,11.485,7.7075
03-03-2022 00:00,43.855,53.2975,12.83,8.1525
04-03-2022 00:00,29.31,41.67,10.3275,6.075
05-03-2022 00:00,31.65,49.3825,10.845,5.56
06-03-2022 00:00,40.66,52.32666667,12.42,8.95
07-03-2022 00:00,65.125,63.38,13.3825,9.1575
08-03-2022 00:00,49.39,49.905,12.8475,7.95
09-03-2022 00:00,45.06,47.3775,12.36,6.7675
10-03-2022 00:00,35.73,49.37,12.74,7.385
11-03-2022 00:00,33.8675,53.1525,13.065,6.84
12-03-2022 00:00,51.9325,55.5,12.5475,10.1175
13-03-2022 00:00,48.5325,57.6225,14.4425,9.1425
14-03-2022 00:00,51.105,59.9525,15.2175,8.6075
15-03-2022 00:00,52.5025,60.6075,12.0075,9.335
16-03-2022 00:00,31.5,50.1275,10.79,8.0325
17-03-2022 00:00,24.42,45.9025,12.8575,9.675
18-03-2022 00:00,9.96,40.1,13.0825,9.1175
19-03-2022 00:00,20.37,64.885,13.625,10.025
20-03-2022 00:00,56.8675,79.115,13.44,11.7925
21-03-2022 00:00,57.04333333,70.0125,12.205,9.08
22-03-2022 00:00,47.1725,57.4725,12.68,8.6725
23-03-2022 00:00,93.645,68.9625,12.485,9.2975
24-03-2022 00:00,101.48,60.125,11.42,10.2375
25-03-2022 00:00,48.5025,55.9225,12.785,8.115
26-03-2022 00:00,57.8025,61.8825,12.4825,8.1775
27-03-2022 00:00,56.1575,60.87,14.26,11.515
28-03-2022 00:00,88.72,72.25,14.455,9.325
29-03-2022 00:00,93.85,70.005,15.8575,12.375
30-03-2022 00:00,101.5125,87.8075,20.5225,16.27
31-03-2022 00:00,62.6425,81.335,16.2925,12.96
01-04-2022 00:00,82.11333333,83.80666667,15.7,10.4775
02-04-2022 00:00,78.925,92,15.2775,15.9125
03-04-2022 00:00,52.405,65.4675,12.32,14.77
04-04-2022 00:00,76.665,62.525,14.2875,11.6225
05-04-2022 00:00,78.3075,63.4775,16.405,11.105
06-04-2022 00:00,91.5675,66.2775,16.455,12.8025
07-04-2022 00:00,96.7275,74.3975,18.8775,12.23
08-04-2022 00:00,90.525,76.8875,21.79,10.98
09-04-2022 00:00,95.61,75.0625,17.515,11.2675
10-04-2022 00:00,75.83,60.495,18.1925,13.555
11-04-2022 00:00,68.0975,64.2275,18.2475,11.2925
12-04-2022 00:00,85.6425,68.565,11.38,15.495
13-04-2022 00:00,85.205,68.4575,11.3375,10.51
14-04-2022 00:00,32.31,44.76,10.5625,7.6625
15-04-2022 00:00,21.5,50.0925,11.5175,9.7175
16-04-2022 00:00,52.76,71.065,15.46,11.5225
17-04-2022 00:00,58.33,79.0525,15.735,10.4275
18-04-2022 00:00,78.0475,83.775,14.075,9.0975
19-04-2022 00:00,86.7725,63.315,26.1225,7.2075
20-04-2022 00:00,62.3275,54.705,19.14,7.605
21-04-2022 00:00,55.2775,49.69,12.8225,5.255
22-04-2022 00:00,31.78,56.2425,11.3125,7.8925
23-04-2022 00:00,61.6775,59.4225,15.345,5.6475
24-04-2022 00:00,34.0575,52.8925,16.21,4.8275
25-04-2022 00:00,27.2375,44.1675,12.5475,5.01
26-04-2022 00:00,47.8525,56.26,10.7325,6.09
27-04-2022 00:00,82.955,76.41,20.5675,6.64
28-04-2022 00:00,73.8325,84.1525,19.04,8.905
29-04-2022 00:00,90.6375,69.58,18.735,4.83
30-04-2022 00:00,76.5525,65.7,15.57,4.3175
01-05-2022 00:00,17.29,37.5625,10.575,7.21
02-05-2022 00:00,12.59,37.52,8.0825,7.136666667
03-05-2022 00:00,23.695,53.4525,9.26,7.14
04-05-2022 00:00,27.615,61.9525,8.8375,4.2325
05-05-2022 00:00,58.7125,113.39,8.46,4.7275
06-05-2022 00:00,48.075,67.64,10.6325,5.01
07-05-2022 00:00,66.095,84.3325,10.4975,5.795
08-05-2022 00:00,14.3975,44.0325,8.8875,4.4025
09-05-2022 00:00,16.1225,36.6825,7.4875,4.0675
10-05-2022 00:00,16.3075,35.835,7.1925,3.97
11-05-2022 00:00,14.6225,36.0825,7.7825,4.3525
12-05-2022 00:00,15.235,43.8875,6.9475,4.365
13-05-2022 00:00,31.645,57.8625,7.4125,5.59
14-05-2022 00:00,82.565,88.81,12.015,5.345
15-05-2022 00:00,72.1175,80.3475,13.02333333,7.4975
16-05-2022 00:00,53.5,52.33,8.516666667,4.9375
17-05-2022 00:00,12.3075,45.365,8.643333333,5.2
18-05-2022 00:00,14.74,46.565,7.88,5.4725
19-05-2022 00:00,16.4475,57.305,9.293333333,5.405
20-05-2022 00:00,26.81,60.14,8.546666667,5.445
21-05-2022 00:00,24.4675,39.875,10.555,3.9225
22-05-2022 00:00,18.115,42.7475,6.7975,4.4475
23-05-2022 00:00,11.9425,31.0575,9.29,3.96
24-05-2022 00:00,13.65,38.455,7.46,3.1925
25-05-2022 00:00,34.2725,50.5925,6.4675,4.81
26-05-2022 00:00,31.3025,59.6775,8.2,5.6875
27-05-2022 00:00,30.59,56.575,13.2675,3.62
28-05-2022 00:00,31.0025,45.955,13.7125,4
29-05-2022 00:00,20.65,45.965,5.176666667,5.01
30-05-2022 00:00,25.1175,38.4,5.5,5.0475
31-05-2022 00:00,48.33,69.705,7.056666667,8.6625
01-06-2022 00:00,62.505,63.3375,9.4,5.96
02-06-2022 00:00,55.96,54.3475,9.26,4.61
03-06-2022 00:00,76.3125,62.555,9.7325,5.6425
04-06-2022 00:00,58.8325,75.31,7.9075,6.2475
05-06-2022 00:00,60.7425,53.675,6.1975,2.8475
06-06-2022 00:00,55.1325,66.8275,8.2775,4.25
07-06-2022 00:00,67.015,55.8725,9.9025,3.8725
08-06-2022 00:00,53.835,44.8375,9.805,3.71
09-06-2022 00:00,50.835,47.19,8.47,3.5825
10-06-2022 00:00,56.8975,46.105,8.75,3.935
11-06-2022 00:00,59.01,42.42,10.56,3.9125
12-06-2022 00:00,51.4825,44.22,10.6975,3.5175
13-06-2022 00:00,39.295,42.69,7.915,3.3375
14-06-2022 00:00,34.86,34.05,7.855,3.545
15-06-2022 00:00,28.97,32.89,7.44,2.6325
16-06-2022 00:00,24.6575,35.01,7.26,3.09
17-06-2022 00:00,20.4525,33.28,5.9825,3.315
18-06-2022 00:00,18.1225,33.3325,5.6275,7.4
19-06-2022 00:00,26.02,36.1325,5.8475,4.3
20-06-2022 00:00,21.94,41.54,6.76,4.775
21-06-2022 00:00,15.9525,44.04,6.415,5.3325
22-06-2022 00:00,18.2625,37.1975,6.4975,5.4625
23-06-2022 00:00,21.6675,40.6925,5.92,4.565
24-06-2022 00:00,30.73,47.8225,7.56,5.865
25-06-2022 00:00,53,56.2875,8.6,7.8325
26-06-2022 00:00,8.925,29.6325,5.6425,4.4275
27-06-2022 00:00,7.435,24.2225,5.69,4.78
28-06-2022 00:00,8.2375,28.095,5.9625,4.235
29-06-2022 00:00,9.585,26.9775,5.6125,4.5025
30-06-2022 00:00,14.095,33.2575,5.77,4.35
01-07-2022 00:00,17.0975,34.55,5.9725,5.3425
02-07-2022 00:00,16.615,33.35,5.15,8.0625
03-07-2022 00:00,18.8125,31.05,4.21,5.2775
04-07-2022 00:00,21.5775,44.8775,4.26,7.335
05-07-2022 00:00,11.875,33.6075,4.445,4.1325
06-07-2022 00:00,12.08,33.56,4.1,4.3975
07-07-2022 00:00,8.92,28.89,4.26,4.7525
08-07-2022 00:00,10.3,33.3725,4.2625,4.84
09-07-2022 00:00,11.025,31.27,3.9225,5.65
10-07-2022 00:00,12.395,28.91,4.4525,4.3425
11-07-2022 00:00,21.6525,39.2375,4.5225,4.395
12-07-2022 00:00,21.155,38.065,4.33,10.025
13-07-2022 00:00,14.14,29.2725,4.5125,4.5325
14-07-2022 00:00,15.5775,28.2975,3.975,5.695
15-07-2022 00:00,12.455,24.7125,4.8825,5.295
16-07-2022 00:00,19.72,29.9425,6.93,4.9025
17-07-2022 00:00,14.19,28.295,6.7825,5.93
18-07-2022 00:00,15.505,30.43,6.67,6.675
19-07-2022 00:00,17.9575,44.08,7.455,6.6475
20-07-2022 00:00,31.83,34.815,6.9975,4.95
21-07-2022 00:00,19.1975,38.7325,6.6625,3.9525
22-07-2022 00:00,20.805,37.1775,6.625,5.0125
23-07-2022 00:00,11.255,28.875,7.18,3.785
24-07-2022 00:00,11.2375,24.365,6.94,2.985
25-07-2022 00:00,8.4325,21.5325,5.765,3.765
26-07-2022 00:00,8.95,21.5275,4.015,8.3975
27-07-2022 00:00,8.4275,26.185,3.8925,3.62
28-07-2022 00:00,29.7175,31.755,3.9075,2.725
29-07-2022 00:00,30.67,26.5125,3.8375,2.6075
30-07-2022 00:00,31.815,27.5525,4.1625,4.8975
31-07-2022 00:00,24.235,27.32,3.535,3.105
01-08-2022 00:00,35.825,28.52,4.0675,5.7525
02-08-2022 00:00,37.3175,38.72,3.91,6.3125
03-08-2022 00:00,26.3075,41.795,3.99,5.7525
04-08-2022 00:00,18.1575,37.3425,4.32,6.675
05-08-2022 00:00,24.9675,39.75,4.275,6.3575
06-08-2022 00:00,20.995,40.3825,4.2325,7.44
07-08-2022 00:00,21.04,32.285,3.8225,0.866666667
08-08-2022 00:00,19.755,35.8075,3.985,6.35
09-08-2022 00:00,16.16,32.52,4.395,6.275
10-08-2022 00:00,12.9475,33.7425,4.0275,6.25
11-08-2022 00:00,11.33,23.6725,4.3625,6.105
12-08-2022 00:00,10.26,26.2575,4.415,6.175
13-08-2022 00:00,14.8825,29.09,5.02,6.155
14-08-2022 00:00,22.6475,28.9925,3.9625,6.1625
15-08-2022 00:00,10.4475,19.6475,4.0825,6.145
16-08-2022 00:00,8.87,20.3375,2.056666667,6.0925
17-08-2022 00:00,9.8575,22.3,4.3075,6.1175
18-08-2022 00:00,27.8925,29.3725,4.2525,5.275
19-08-2022 00:00,25.4,23.775,4.11,5.3425
20-08-2022 00:00,27.7275,33.675,3.9,3.635
21-08-2022 00:00,23.6625,30.945,4.075,3.6225
22-08-2022 00:00,12.135,29.37,4.0875,3.3875
23-08-2022 00:00,10.7825,25.3875,4.39,2.8775
24-08-2022 00:00,12.55,27.5425,3.7375,4.19
25-08-2022 00:00,18.95,34.245,4.3225,5.73
26-08-2022 00:00,27.815,29.985,4,4.9975
27-08-2022 00:00,25.82,24.5825,4.04,5.72
28-08-2022 00:00,33.935,30.0725,3.915,5.0075
29-08-2022 00:00,23.1225,33.4975,4.58,5.19
30-08-2022 00:00,32.26,46.1375,5.343333333,6.7875
31-08-2022 00:00,42.3525,39.37,4.7575,5.3225
01-09-2022 00:00,31.9075,37.8175,4.285,3.47
02-09-2022 00:00,33.7325,48.98,4.68,7.2
03-09-2022 00:00,38.8725,36.06,4.82,6.8425
04-09-2022 00:00,30.3475,35.1575,4.53,4.33
05-09-2022 00:00,25.5,32.43,4.853333333,4.425
06-09-2022 00:00,27.3275,37.8925,5.07,5.42
07-09-2022 00:00,20.2625,38.7925,5.803333333,7.1175
08-09-2022 00:00,9.3625,32.61,7.836666667,6.6325
09-09-2022 00:00,8.3325,29.38,5.41,7.12
10-09-2022 00:00,10.73,28.02,6.743333333,7.04
11-09-2022 00:00,6.965,24.205,6.6,7.8275
12-09-2022 00:00,9.405,24.045,5.476666667,7.885
13-09-2022 00:00,18.8825,29.645,5.21,5.6475
14-09-2022 00:00,16.5625,30.315,4.886666667,6.69
15-09-2022 00:00,15.3325,25.97,4.286666667,6.365
16-09-2022 00:00,26.0025,31.2575,5.15,8.7675
17-09-2022 00:00,33.0975,38.5725,5.533333333,7.21
18-09-2022 00:00,45.9175,45.29,5.916666667,7.7725
19-09-2022 00:00,64.1175,52.66,5.426666667,6.3175
20-09-2022 00:00,58.39,52.0425,6.71,7.62
21-09-2022 00:00,62.2425,50.9225,6.446666667,5.82
22-09-2022 00:00,30.335,45.3675,6.563333333,4.545
23-09-2022 00:00,39.545,46.575,6.956666667,3.7975
24-09-2022 00:00,23.65,40.455,5.49,3.735
25-09-2022 00:00,44.99,42.99,5.3425,4.9425
26-09-2022 00:00,43.065,44.9825,8.0325,6.01
27-09-2022 00:00,37.77,45.2325,8.4275,5.09
28-09-2022 00:00,64.7225,57.965,6.385,6.04
29-09-2022 00:00,71.725,58.2225,6.26,6.03
30-09-2022 00:00,67.3425,64.245,6.755,5.7975
01-10-2022 00:00,76.0625,64.3375,6.79,6.0475
02-10-2022 00:00,81.165,59.9625,5.985,5.74
03-10-2022 00:00,59.4,68.15,6.1575,3.9225
04-10-2022 00:00,65.04,73.0225,6.2175,5.5025
05-10-2022 00:00,30.23,63.2125,6.33,4.9825
06-10-2022 00:00,27.5875,41.25,6.865,4.2225
07-10-2022 00:00,46.92,42.63,5.75,5.4175
08-10-2022 00:00,11.225,32.07,5.32,5.2075
09-10-2022 00:00,15.4375,28.5175,5.41,3.23
10-10-2022 00:00,16.04,33.095,5.425,3.5875
11-10-2022 00:00,41.3125,46.5575,5.2025,7.74
12-10-2022 00:00,53.6925,51.01,5.215,3.835
13-10-2022 00:00,55.0725,54.9175,4.5425,5.1075
14-10-2022 00:00,39.125,56.0025,4.535,9.535
15-10-2022 00:00,62.3825,72.6775,6.3325,6.305
16-10-2022 00:00,89.585,69.275,7.37,5.575
17-10-2022 00:00,109.42,71.6725,7.505,5.9825
18-10-2022 00:00,75.0425,85.08,8.0275,8.135
19-10-2022 00:00,39.6025,84.7025,6.1,6.625
20-10-2022 00:00,35.2775,99.4325,6.71,4.8125
21-10-2022 00:00,61.3525,87.1,6.12,3.5
22-10-2022 00:00,79.7875,86.3425,6.205,3.3975
23-10-2022 00:00,53.49,87.34,9.143333333,5.405
24-10-2022 00:00,32.1975,73.4525,8.9175,6.2475
25-10-2022 00:00,60.74,63.7475,9.5425,6.125
26-10-2022 00:00,91.355,77.1675,7.355,5.335
27-10-2022 00:00,113.9475,87.795,7.92,6.3775
28-10-2022 00:00,131.4375,108.9375,8.51,6.7175
29-10-2022 00:00,129.655,95.5225,8.0425,5.6175
30-10-2022 00:00,113.74,90.055,8.45,5.4875
31-10-2022 00:00,139.585,101.0425,7.9475,5.3625
01-11-2022 00:00,135.48,108.3625,6.92,6.1025
02-11-2022 00:00,115.175,91.6475,6.3925,4.735
03-11-2022 00:00,116.8875,95.5875,7.245,6.15
04-11-2022 00:00,77.3875,110.9975,6.2575,5.62
05-11-2022 00:00,74.3625,79.8125,5.0625,5.2175
06-11-2022 00:00,61.2425,82.015,5.3225,6.96
07-11-2022 00:00,102.845,109.8925,6.095,11.8425
08-11-2022 00:00,59.1225,96.015,5.225,8.1375
09-11-2022 00:00,73.735,103.2425,5.9125,11.58
10-11-2022 00:00,99.64,117.47,5.6025,8.625
11-11-2022 00:00,91.125,91.5525,6.9725,8.1425
12-11-2022 00:00,97.5275,70.9625,6.45,6.0375
13-11-2022 00:00,64.17,57.52,6.215,7.62
14-11-2022 00:00,51.335,65.3475,6.6775,10.63
15-11-2022 00:00,77.14,63.4625,6.0675,7.535
16-11-2022 00:00,39.1225,52.89,5.87,9.8125
17-11-2022 00:00,63.92,57.0425,4.2225,10.01
18-11-2022 00:00,94.33,67.6375,7.3025,8.17
19-11-2022 00:00,142.7775,74.63,7.9025,8.51
20-11-2022 00:00,101.4525,76.8125,7.7175,8.51
21-11-2022 00:00,86.915,75.04,8.14,8.6775
22-11-2022 00:00,76.575,68.06,9.0375,7.965
23-11-2022 00:00,79.435,61.9825,7.25,7.715
24-11-2022 00:00,77.105,68.1625,8.6725,8.7375
25-11-2022 00:00,98.645,78.15,8.6775,9.275
26-11-2022 00:00,89.1,72.4375,8.7225,8.6075
27-11-2022 00:00,87.635,68.7675,7.79,10.72666667
28-11-2022 00:00,122.6325,83.62,8.54,8.12
29-11-2022 00:00,95.9425,94.03,7.8375,8.9375
30-11-2022 00:00,122.38,86.9125,7.2025,9.765
01-12-2022 00:00,100.9275,93.8775,6.9275,11.665
02-12-2022 00:00,99.93,95.5975,7.4425,9.705
03-12-2022 00:00,87.75,96.6125,6.9725,9.82
04-12-2022 00:00,97.915,85.3425,5.9125,8.5725
05-12-2022 00:00,100.725,75.495,8.06,7.535
06-12-2022 00:00,74.4675,69.1775,8.1925,5.8275
07-12-2022 00:00,61.7275,64.4025,8.28,5.76
08-12-2022 00:00,81.875,65.28,7.585,8.04
09-12-2022 00:00,97.6175,73.865,8.02,8.4325
10-12-2022 00:00,123.755,81.5,8.73,8.2425
11-12-2022 00:00,92.3875,67.5475,7.1375,4.33
12-12-2022 00:00,87.6475,66.29,7.1,5.155
13-12-2022 00:00,59.9725,57.1275,6.723333333,4.65
14-12-2022 00:00,48.895,52.2875,6.596666667,4.9525
15-12-2022 00:00,74.105,58.4275,6.3275,5.0625
16-12-2022 00:00,76.075,66.0425,6.605,6.745
17-12-2022 00:00,108.7625,67.6025,6.325,5.285
18-12-2022 00:00,113.095,75.0775,7.7825,4.025
19-12-2022 00:00,120.87,82.32,6.5175,4.5875
20-12-2022 00:00,97.345,72.1425,5.9275,4.0425
21-12-2022 00:00,77.775,58.92,5.325,4.49
22-12-2022 00:00,80.2075,68.265,6.4375,3.9225
23-12-2022 00:00,41.06,52.5475,5.1025,3.5525
24-12-2022 00:00,64.3175,61.325,5.94,3.97
25-12-2022 00:00,52.3275,54.0525,5.9875,3.9775
26-12-2022 00:00,82.63,52.4025,6.445,4.34
27-12-2022 00:00,59.8925,53.0375,5.6075,3.105
28-12-2022 00:00,80.2475,67.6,5.3875,4.5325
29-12-2022 00:00,63.14,74.1025,6.93,3.58
30-12-2022 00:00,27.09,63.6875,6.6175,5.475
31-12-2022 00:00,62.28,55.73,5.7025,4.4875
01-01-2023 00:00,103.4,61.1175,6.2725,4.8075
02-01-2023 00:00,45.3975,48.075,6.02,4.655
03-01-2023 00:00,43.2475,46.7325,9.65,4.22
04-01-2023 00:00,53.9675,48.38,5.835,4.99
05-01-2023 00:00,74.115,57.93,11.975,5.765
06-01-2023 00:00,76.87,75.135,8.7,5.1825
07-01-2023 00:00,82.515,69.735,10.85,5.0975
08-01-2023 00:00,105.01,59.8375,6.8425,5.3225
09-01-2023 00:00,125.805,71.13,6.205,5.82
10-01-2023 00:00,89.375,62.9925,5.4925,4.6875
11-01-2023 00:00,43.72,60.875,5.1625,3.79
12-01-2023 00:00,39.585,56.615,4.98,4.885
13-01-2023 00:00,45.36,53.285,4.895,4.64
14-01-2023 00:00,51.6275,51.6875,5.065,4.9225
15-01-2023 00:00,62.63,59.9425,4.805,4.905
16-01-2023 00:00,88.405,67.525,4.9,5.5425
17-01-2023 00:00,84.09,70.575,5.1075,4.465
18-01-2023 00:00,116.655,80.595,5.4175,17.525
19-01-2023 00:00,99.2225,91.2925,5.9475,7.6575
20-01-2023 00:00,56.745,65.8425,5.29,1.423333333
21-01-2023 00:00,90.51,71.59,5.3025,1.7
22-01-2023 00:00,103.9075,70.1025,5.65,1.663333333
23-01-2023 00:00,86.36,64.54,5.265,8
24-01-2023 00:00,35.8625,46.2625,5.5325,6.5825
25-01-2023 00:00,65.94,49.65,5.08,6.7775
26-01-2023 00:00,34.57,37.2125,4.385,6.94
27-01-2023 00:00,52.775,55.0575,4.84,6.5625
28-01-2023 00:00,79.125,68.1525,4.9225,7.03
29-01-2023 00:00,100.595,63.23,5.555,7.095
30-01-2023 00:00,66.06,50.165,4.8125,7.42
31-01-2023 00:00,76.125,42.0625,4.7925,6.795
01-02-2023 00:00,49.575,42.5725,4.6425,5.55
02-02-2023 00:00,52.5525,51.72,6.2925,1.7625
03-02-2023 00:00,64.4225,54.1175,6.95,2.525
04-02-2023 00:00,82.4275,72.4275,9.87,3.435
05-02-2023 00:00,70.93,69.24,6.89,5.1925
06-02-2023 00:00,62.765,74.685,8.26,5.85
07-02-2023 00:00,70.035,59.2725,6.2525,4.595
08-02-2023 00:00,67.195,57.245,7.73,4.2875
09-02-2023 00:00,50.145,63.6625,6.7275,4.52
10-02-2023 00:00,36.23,58.6875,7.5925,4.8225
11-02-2023 00:00,62.505,58.4475,7.2475,4.92
12-02-2023 00:00,49.635,42.925,7.4025,4.5075
13-02-2023 00:00,36.545,42.3125,7.025,4.29
14-02-2023 00:00,34.49,52.4425,8.9375,5.0225
15-02-2023 00:00,62.6225,59.88,9.71,5.32
16-02-2023 00:00,83.38,73.725,9.6775,7.3
17-02-2023 00:00,94.63,74.92,8.0925,6.9675
18-02-2023 00:00,81.5975,70.9375,7.655,7.345
19-02-2023 00:00,81.3325,66.555,7.8575,7.2275
20-02-2023 00:00,68.99,62.585,6.7475,7.185
21-02-2023 00:00,29.28,53.91,6.445,7.245
22-02-2023 00:00,56.6625,58.575,8.07,7.4475
23-02-2023 00:00,62.6825,54.2025,6.7075,7.2675
24-02-2023 00:00,62.685,59.4025,7.9275,7.675
25-02-2023 00:00,79.245,58.8475,8.9325,7.5875
26-02-2023 00:00,60.615,60.66,8.4075,7.5125
27-02-2023 00:00,60.66,57.795,7.7875,7.39
28-02-2023 00:00,33.1275,55.8075,7.6925,8.0475
01-03-2023 00:00,78.375,55.885,8.4625,8.2775
02-03-2023 00:00,52.8525,52.71,11.1,6.67
03-03-2023 00:00,34.51,41.6425,6.87,7.78
04-03-2023 00:00,33.8,43.35,7.875,0.936666667
05-03-2023 00:00,34.8275,45.5625,7.4125,1.02
06-03-2023 00:00,45.9875,51.305,8.145,1.043333333
07-03-2023 00:00,64.6325,57.0225,7.7725,1.02
08-03-2023 00:00,47.03,46.6975,9.72,0.993333333
09-03-2023 00:00,31.2575,42.7125,6.34,0.703333333
10-03-2023 00:00,50.87,52.6575,8.3175,0.973333333
11-03-2023 00:00,75.2175,60.0725,8.4075,1.113333333
12-03-2023 00:00,72.0175,66.2775,8.58,1.15
13-03-2023 00:00,80.215,68.5875,9.4325,6.1525
14-03-2023 00:00,66.81,65.525,9.1975,6.9475
15-03-2023 00:00,78.5175,71.705,9.405,9.12
16-03-2023 00:00,43.495,59.17,9.675,6.5175
17-03-2023 00:00,33.3625,60.05,9.845,7.4925
18-03-2023 00:00,36.185,55.0875,6.415,6.605
19-03-2023 00:00,56.0125,55.5175,6.0825,7.7725
20-03-2023 00:00,56.495,49.0325,7.3,9.81
21-03-2023 00:00,45.1525,41.2475,4.3925,7.4425
22-03-2023 00:00,41.455,46.4175,6.38,7.5075
23-03-2023 00:00,56.76,48.19,8.18,7.7675
24-03-2023 00:00,39.595,48.8525,7.0875,7.97
25-03-2023 00:00,33.5225,37.745,5.195,7.9475
26-03-2023 00:00,25.555,42.555,5.6125,7.915
27-03-2023 00:00,33.2225,48.8625,9.655,6.1875
28-03-2023 00:00,39.0475,49.39,9.1375,5.1
29-03-2023 00:00,35.87,59.4175,9.1725,5.795
30-03-2023 00:00,27.85,41.66,7.805,4.1475
31-03-2023 00:00,15.74,38.4725,6.7325,4.985
01-04-2023 00:00,25.035,42.575,5.3725,5.2775
02-04-2023 00:00,50.1375,41.0075,6.405,5.7775
03-04-2023 00:00,38.2075,38.2075,5.605,4.265
04-04-2023 00:00,28.5475,33.075,5.455,5.3025
05-04-2023 00:00,43.63,42.6975,7.405,7.03
06-04-2023 00:00,37.125,40.6675,6.76,4.9925
07-04-2023 00:00,40.14,49.9325,9.7225,5.965
08-04-2023 00:00,57.6025,57.9075,12.5175,5.3575
09-04-2023 00:00,83.2475,59.2925,15.95333333,5.6775
10-04-2023 00:00,69.73,68.195,15.985,5.2325
11-04-2023 00:00,97.065,77.965,20.8975,6.3425
12-04-2023 00:00,73.8675,67.3575,14.4675,6.435
13-04-2023 00:00,89.4375,68.4225,18.1475,5.715
14-04-2023 00:00,78.255,63.3875,17.8525,4.775
15-04-2023 00:00,88.79,73.1475,16.2325,6.7425
16-04-2023 00:00,73.525,58.385,14.0475,8.93
17-04-2023 00:00,69.425,49.1325,13.1575,8.655
18-04-2023 00:00,68.6525,61.335,13.0675,3.58
19-04-2023 00:00,30.08,46.66,10.955,1.2625
20-04-2023 00:00,37.7275,41.81,10.8475,1.37
21-04-2023 00:00,16.005,41.8975,10.445,3.11
22-04-2023 00:00,23.43,41.9675,10.35,5.7775
23-04-2023 00:00,47.83,45.5575,8.625,5.49
24-04-2023 00:00,29.34,46.3725,12.8725,6.0875
25-04-2023 00:00,19.3075,39.4275,12.0125,6.0575
26-04-2023 00:00,31.7375,51.975,13.1575,6.145
27-04-2023 00:00,26.9175,44.55,12.025,6.0775
28-04-2023 00:00,25.66,54.885,11.685,7.05
29-04-2023 00:00,41.3475,49.84,11.18,5.865
30-04-2023 00:00,15.2,42,10.125,5.85
01-05-2023 00:00,9.43,30.345,8.82,5.2175
02-05-2023 00:00,9.86,27.7425,8.6225,4.72
03-05-2023 00:00,19.495,31.95,8.7275,5.0575
04-05-2023 00:00,24.62,44.33,8.1275,6.4425
05-05-2023 00:00,52.2675,55.93,9.6275,6.31
06-05-2023 00:00,61.1075,56.345,11.13,6.585
07-05-2023 00:00,32.8375,53.8875,11.18,5.215
08-05-2023 00:00,22.7325,48.32,9.7975,6.04
09-05-2023 00:00,49.4475,70.87,20.8825,7.8075
10-05-2023 00:00,53.0725,72.96,14.2525,7.57
11-05-2023 00:00,83.3125,89.2875,18.4675,9.2075
12-05-2023 00:00,63.7325,97.0875,11.61,7.4825
13-05-2023 00:00,45.4475,86.3275,11.1875,8.3825
14-05-2023 00:00,52.89,73.025,10.9225,9.2775
15-05-2023 00:00,29.03,54.5025,9.7075,6.7075
16-05-2023 00:00,40.4075,51.5925,9.445,7.3
17-05-2023 00:00,36.345,54.72,11.1175,6.88
18-05-2023 00:00,14.2925,39.29,8.365,5.4575
19-05-2023 00:00,35.7175,58.3475,10.0475,7.56
20-05-2023 00:00,50.475,70.48,10.4425,9.745
21-05-2023 00:00,52.9075,80.86,9.7875,6.16
22-05-2023 00:00,57.0125,58.4475,8.8325,9.83
23-05-2023 00:00,52.16,45.36,9.526666667,6.5
24-05-2023 00:00,19.23,45.0725,7.503333333,4.8325
25-05-2023 00:00,14.6975,58.1825,7.626666667,4.85
26-05-2023 00:00,35.86,74.31,6.5925,4.8875
27-05-2023 00:00,38.27,61.465,6.83,4.645
28-05-2023 00:00,35.475,60.76,6.773333333,4.785
29-05-2023 00:00,35.9275,56.995,4.98,3.975
30-05-2023 00:00,32.505,53.6875,4.9225,4.2275
31-05-2023 00:00,54.155,54.7575,4.4,4.4025
01-06-2023 00:00,44.73,58.485,6.52,4.665
02-06-2023 00:00,21.29,54.825,5.3875,4.3125
03-06-2023 00:00,34.93,58.055,5.69,4.455
04-06-2023 00:00,23.325,59.7625,7.265,4.7025
05-06-2023 00:00,46.5325,56.6575,7.0425,6.57
06-06-2023 00:00,27.35,49.2625,6.85,8.2125
07-06-2023 00:00,38.4875,51.3075,7.31,7.515
08-06-2023 00:00,31.505,53.0775,8.47,7.5075
09-06-2023 00:00,43.02,45.5675,6.51,6.07
10-06-2023 00:00,45.91,45.7075,6.645,6.0925
11-06-2023 00:00,28.3975,37.5025,6.04,4.99
12-06-2023 00:00,33.145,43.8275,6.465,6.635
13-06-2023 00:00,40.5975,39.4425,5.415,5.1475
14-06-2023 00:00,38.66,37.0675,4.6125,12.4375
15-06-2023 00:00,35.8525,42.9825,5.0325,4.8825
16-06-2023 00:00,58.99666667,51.43,7.086666667,8.013333333
17-06-2023 00:00,53.67666667,47.93666667,5.93,6.103333333
18-06-2023 00:00,20.58,34.25,4.543333333,4.896666667
19-06-2023 00:00,46.16,48.86333333,4.383333333,4.61
20-06-2023 00:00,19.31333333,39.29333333,4.726666667,5.863333333
21-06-2023 00:00,32.46666667,51.06333333,4.746666667,5.806666667
22-06-2023 00:00,33.275,50.64,4.4775,4.49
23-06-2023 00:00,37.3875,44.22,4.495,4.4975
24-06-2023 00:00,18.62,38.7,3.9025,6.0275
25-06-2023 00:00,36.8875,34.615,3.9075,4.7
26-06-2023 00:00,19.3025,34.75,3.91,4.84
27-06-2023 00:00,18.8575,36.69,3.75,6.0175
28-06-2023 00:00,39.73,52.075,4.2625,4.8425
29-06-2023 00:00,34.9375,60.8325,4.0575,4.775
30-06-2023 00:00,29.5225,57.81,4.745,4.1225
01-07-2023 00:00,25.245,50.3325,4.3075,5.0425
02-07-2023 00:00,38.92,64.41,3.9775,5.465
03-07-2023 00:00,35.705,83.6475,4.0525,4.6875
04-07-2023 00:00,25.9325,74.5575,3.8825,4.2825
05-07-2023 00:00,21.29,58,3.2275,5.3725
06-07-2023 00:00,26.0175,58.485,4.0075,5.2
07-07-2023 00:00,18.845,64.3475,3.7,4.8475
08-07-2023 00:00,44.405,67.52,3.2925,5.265
09-07-2023 00:00,22.2625,42.0125,3.23,4.7375
10-07-2023 00:00,34.7075,43.665,3.2625,6.39
11-07-2023 00:00,39.5225,41.9825,3.8375,5.5975
12-07-2023 00:00,17.91,35.86,4.25,5.28
13-07-2023 00:00,18.385,32.27,3.78,5.02
14-07-2023 00:00,12.12,28.2,2.46,1.2
15-07-2023 00:00,6.37,23.37,2.36,1.04
16-07-2023 00:00,5.49,20.37,3.61,1.19
17-07-2023 00:00,5.9,19.99,2.94,1.23
18-07-2023 00:00,5.03,22.75,3.59,1.19
19-07-2023 00:00,8.86,30.99,2.97,1.2
20-07-2023 00:00,19.12,40.58,4.0725,4.905
21-07-2023 00:00,20.8025,35.2525,4.68,5.165
22-07-2023 00:00,9.1225,28.0125,3.795,5.585
23-07-2023 00:00,13.3525,36.3325,4.1075,4.4025
24-07-2023 00:00,11.12,30.0725,4.795,3.97
25-07-2023 00:00,12.37,33.8025,3.7775,4.995
26-07-2023 00:00,16.9575,38.28,4.6525,4.36
27-07-2023 00:00,40.80666667,51.47333333,5.3,5.916666667
28-07-2023 00:00,8.886666667,21.27333333,3.87,6.263333333
29-07-2023 00:00,25.97,24.17,4.543333333,4.18
30-07-2023 00:00,51.01333333,36.78333333,4.08,4.913333333
31-07-2023 00:00,60.96666667,49.69333333,4.12,5.136666667
01-08-2023 00:00,55.61666667,42.06333333,3.353333333,5.726666667
02-08-2023 00:00,53.54666667,39.95,3.316666667,5.37
03-08-2023 00:00,51.85333333,41.38666667,3.65,6.263333333
04-08-2023 00:00,36.35,46.405,1.75,5.213333333
05-08-2023 00:00,69.07,40.35666667,5.22,6.076666667
06-08-2023 00:00,77.00333333,32.43,3.663333333,5.356666667
07-08-2023 00:00,61.34666667,26.05,3.523333333,5.9
08-08-2023 00:00,8.165,7.465,5.305,0.795
09-08-2023 00:00,8.63,5.91,3.893333333,0.82
10-08-2023 00:00,8.1,6.236666667,3.133333333,0.8
11-08-2023 00:00,8.035,6.573333333,3.28,0.8
12-08-2023 00:00,54.19666667,25.30666667,3.81,2.826666667
13-08-2023 00:00,20.84333333,22.88666667,3.98,4.863333333
14-08-2023 00:00,8.646666667,13.06333333,4.29,7.446666667
15-08-2023 00:00,5.42,9.256666667,3.83,5.43
16-08-2023 00:00,11.59333333,8.97,3.766666667,7.19
17-08-2023 00:00,18.82333333,8.905,3.773333333,6.436666667
18-08-2023 00:00,14.42333333,5.013333333,4.046666667,4.566666667
19-08-2023 00:00,15.12333333,9.456666667,3.98,5.52
20-08-2023 00:00,13.73333333,11.135,3.343333333,5.36
21-08-2023 00:00,13.78,13.30666667,3.296666667,6.883333333
22-08-2023 00:00,26.375,14.19,1.065,5.756666667
23-08-2023 00:00,22.04,9.98,4.136666667,5.31
